Date, Current, Voltage, Power, Total
2018-04-21 17:38:37, 0.333676, 244.256196, 69.023417, 0.174
2018-04-21 17:39:08, 0.334328, 244.763617, 69.39957, 0.174
2018-04-21 17:39:39, 0.333854, 244.334608, 68.965188, 0.175
2018-04-21 17:40:10, 0.334151, 243.740158, 69.096221, 0.176
2018-04-21 17:40:41, 0.333438, 244.166712, 69.052104, 0.176
2018-04-21 17:41:11, 0.333527, 244.765976, 69.15999, 0.177
2018-04-21 17:41:42, 0.334536, 244.718156, 69.384073, 0.177
2018-04-21 17:42:13, 0.333408, 244.342294, 69.0616, 0.178
2018-04-21 17:42:44, 0.333587, 244.855862, 69.099255, 0.179
2018-04-21 17:43:14, 0.332158, 244.62356, 68.944283, 0.179
2018-04-21 17:43:45, 0.3332, 244.405962, 68.910651, 0.18
2018-04-21 17:44:16, 0.333795, 243.61231, 69.001919, 0.18
2018-04-21 17:44:47, 0.333289, 244.38016, 68.91863, 0.181
2018-04-21 17:45:18, 0.333141, 244.702894, 68.821888, 0.182
2018-04-21 17:45:48, 0.332784, 244.608196, 68.849322, 0.182
2018-04-21 17:46:19, 0.333408, 244.138377, 68.793334, 0.183
2018-04-21 17:46:50, 0.332843, 244.353855, 68.787201, 0.183
2018-04-21 17:47:21, 0.015609, 244.552326, 0, 0.183
2018-04-21 17:47:51, 0.01589, 244.683673, 0, 0.183
2018-04-21 17:48:22, 0.015733, 243.79333, 0, 0.183
2018-04-21 17:48:53, 0.01556, 244.490766, 0, 0.183
2018-04-21 17:49:24, 0.01551, 244.689739, 0, 0.183
2018-04-21 17:49:54, 0.015639, 244.109963, 0, 0.183
2018-04-21 17:50:25, 0.015539, 244.193905, 0, 0.183
2018-04-21 17:50:56, 0.015682, 244.681311, 0, 0.183
2018-04-21 17:51:27, 0.015743, 245.296229, 0, 0.183
2018-04-21 17:51:57, 0.015172, 244.790292, 0, 0.183
2018-04-21 17:52:28, 0.015878, 243.54666, 0, 0.183
2018-04-21 17:52:59, 0.015395, 244.290081, 0, 0.183
2018-04-21 17:53:30, 0.015704, 244.218294, 0, 0.183
2018-04-21 17:54:00, 0.015299, 244.932051, 0, 0.183
2018-04-21 17:54:31, 0.015764, 244.355211, 0, 0.183
2018-04-21 17:55:02, 0.015344, 245.042333, 0, 0.183
2018-04-21 17:55:33, 0.015318, 244.916409, 0, 0.183
2018-04-21 17:56:03, 0.015501, 243.929571, 0, 0.183
2018-04-21 17:56:34, 0.015678, 244.482257, 0, 0.183
2018-04-21 17:57:05, 0.01554, 244.154883, 0, 0.183
2018-04-21 17:57:36, 0.015435, 244.679866, 0, 0.183
2018-04-21 17:58:06, 0.015436, 244.070643, 0, 0.183
2018-04-21 17:58:37, 0.015596, 243.581025, 0, 0.183
2018-04-21 17:59:08, 0.015334, 243.931816, 0, 0.183
2018-04-21 17:59:39, 0.015916, 244.057541, 0, 0.183
2018-04-21 18:00:09, 0.015433, 244.114282, 0, 0.183
2018-04-21 18:00:40, 0.015387, 244.286341, 0, 0.183
2018-04-21 18:01:11, 0.015346, 244.759514, 0, 0.183
2018-04-21 18:01:42, 0.015544, 244.664795, 0, 0.183
2018-04-21 18:02:12, 0.015325, 244.243008, 0, 0.183
2018-04-21 18:02:45, 0.015213, 244.393708, 0, 0.183
2018-04-21 18:03:15, 0.015654, 244.26162, 0, 0.183
2018-04-21 18:03:46, 0.015546, 244.597771, 0, 0.183
2018-04-21 18:04:17, 0.015265, 244.618115, 0, 0.183
2018-04-21 18:04:48, 0.015905, 244.539536, 0, 0.183
2018-04-21 18:05:19, 0.01574, 244.525739, 0, 0.183
2018-04-21 18:05:49, 0.016158, 244.68753, 0, 0.183
2018-04-21 18:06:20, 0.015413, 244.068272, 0, 0.183
2018-04-21 18:06:51, 0.015381, 243.938346, 0, 0.183
2018-04-21 18:07:22, 0.014917, 244.732439, 0, 0.183
2018-04-21 18:07:52, 0.015397, 244.255173, 0, 0.183
2018-04-21 18:08:23, 0.015463, 244.210893, 0, 0.183
2018-04-21 18:08:54, 0.015806, 244.39516, 0, 0.183
2018-04-21 18:09:25, 0.015757, 244.925823, 0, 0.183
2018-04-21 18:09:55, 0.015782, 245.09815, 0, 0.183
2018-04-21 18:10:26, 0.015763, 245.07091, 0, 0.183
2018-04-21 18:10:57, 0.015402, 244.720228, 0, 0.183
2018-04-21 18:11:28, 0.01615, 245.534317, 0, 0.183
2018-04-21 18:11:58, 0.015468, 244.65735, 0, 0.183
2018-04-21 18:12:29, 0.015694, 244.614525, 0, 0.183
2018-04-21 18:13:00, 0.015573, 244.910157, 0, 0.183
2018-04-21 18:13:31, 0.015282, 244.604577, 0, 0.183
2018-04-21 18:14:01, 0.0154, 244.529647, 0, 0.183
2018-04-21 18:14:32, 0.015584, 244.631279, 0, 0.183
2018-04-21 18:15:03, 0.015613, 245.219896, 0, 0.183
2018-04-21 18:15:34, 0.015021, 245.301681, 0, 0.183
2018-04-21 18:16:04, 0.015788, 244.701886, 0, 0.183
2018-04-21 18:16:35, 0.015623, 244.821736, 0, 0.183
2018-04-21 18:17:06, 0.01543, 245.158492, 0, 0.183
2018-04-21 18:17:37, 0.015273, 244.540094, 0, 0.183
2018-04-21 18:18:07, 0.015452, 245.003946, 0, 0.183
2018-04-21 18:18:38, 0.015777, 245.580853, 0, 0.183
2018-04-21 18:19:09, 0.015351, 244.991707, 0, 0.183
2018-04-21 18:19:40, 0.015463, 244.278409, 0, 0.183
2018-04-21 18:20:10, 0.01564, 244.905006, 0, 0.183
2018-04-21 18:20:41, 0.015344, 245.239044, 0, 0.183
2018-04-21 18:21:12, 0.015367, 244.13739, 0, 0.183
2018-04-21 18:21:43, 0.015864, 244.214075, 0, 0.183
2018-04-21 18:22:13, 0.015441, 245.096296, 0, 0.183
2018-04-21 18:22:44, 0.015856, 244.891464, 0, 0.183
2018-04-21 18:23:15, 0.015463, 245.405835, 0, 0.183
2018-04-21 18:23:46, 0.015493, 245.047722, 0, 0.183
2018-04-21 18:24:16, 0.015771, 245.255308, 0, 0.183
2018-04-21 18:24:47, 0.015467, 245.424071, 0, 0.183
2018-04-21 18:25:18, 0.01581, 245.759009, 0, 0.183
2018-04-21 18:25:49, 0.015689, 245.20948, 0, 0.183
2018-04-21 18:26:19, 0.015374, 244.907966, 0, 0.183
2018-04-21 18:26:50, 0.015669, 245.386027, 0, 0.183
2018-04-21 18:27:21, 0.015443, 244.902986, 0, 0.183
2018-04-21 18:27:52, 0.015946, 244.93763, 0, 0.183
2018-04-21 18:28:22, 0.015349, 244.543318, 0, 0.183
2018-04-21 18:28:53, 0.015359, 245.021234, 0, 0.183
2018-04-21 18:29:24, 0.015873, 245.363058, 0, 0.183
2018-04-21 18:29:55, 0.01585, 245.624219, 0, 0.183
2018-04-21 18:30:25, 0.015604, 245.593518, 0, 0.183
2018-04-21 18:30:56, 0.015167, 245.638606, 0, 0.183
2018-04-21 18:31:27, 0.015653, 245.401201, 0, 0.183
2018-04-21 18:31:58, 0.015436, 245.502833, 0, 0.183
2018-04-21 18:32:28, 0.015336, 245.057703, 0, 0.183
2018-04-21 18:32:59, 0.015332, 245.495319, 0, 0.183
2018-04-21 18:33:30, 0.015237, 244.846212, 0, 0.183
2018-04-21 18:34:01, 0.015405, 244.366493, 0, 0.183
2018-04-21 18:34:31, 0.015516, 245.006754, 0, 0.183
2018-04-21 18:35:02, 0.015337, 245.446366, 0, 0.183
2018-04-21 18:35:33, 0.015449, 244.906284, 0, 0.183
2018-04-21 18:36:04, 0.015271, 245.515148, 0, 0.183
2018-04-21 18:36:34, 0.015431, 245.620066, 0, 0.183
2018-04-21 18:37:05, 0.015302, 245.701523, 0, 0.183
2018-04-21 18:37:36, 0.015601, 245.65266, 0, 0.183
2018-04-21 18:38:07, 0.015521, 246.022445, 0, 0.183
2018-04-21 18:38:37, 0.015522, 246.399404, 0, 0.183
2018-04-21 18:39:08, 0.015286, 246.104974, 0, 0.183
2018-04-21 18:39:39, 0.015746, 245.60995, 0, 0.183
2018-04-21 18:40:10, 0.015282, 245.890104, 0, 0.183
2018-04-21 18:40:40, 0.015699, 246.045241, 0, 0.183
2018-04-21 18:41:11, 0.014965, 245.491683, 0, 0.183
2018-04-21 18:41:42, 0.015757, 244.66784, 0, 0.183
2018-04-21 18:42:13, 0.015428, 245.471261, 0, 0.183
2018-04-21 18:42:43, 0.015508, 245.541109, 0, 0.183
2018-04-21 18:43:14, 0.015823, 245.267899, 0, 0.183
2018-04-21 18:43:45, 0.015401, 245.11282, 0, 0.183
2018-04-21 18:44:16, 0.015724, 244.989401, 0, 0.183
2018-04-21 18:44:48, 0.015538, 245.080516, 0, 0.183
2018-04-21 18:45:18, 0.015595, 244.477733, 0, 0.183
2018-04-21 18:45:49, 0.01544, 244.979012, 0, 0.183
2018-04-21 18:46:20, 0.015591, 244.792497, 0, 0.183
2018-04-21 18:46:51, 0.015515, 244.358841, 0, 0.183
2018-04-21 18:47:21, 0.015348, 244.090909, 0, 0.183
2018-04-21 18:47:52, 0.015626, 244.707505, 0, 0.183
2018-04-21 18:48:23, 0.015457, 244.401794, 0, 0.183
2018-04-21 18:48:54, 0.015677, 244.326027, 0, 0.183
2018-04-21 18:49:25, 0.015273, 243.782656, 0, 0.183
2018-04-21 18:49:55, 0.015317, 244.117546, 0, 0.183
2018-04-21 18:50:26, 0.015404, 244.276758, 0, 0.183
2018-04-21 18:50:57, 0.015304, 244.292894, 0, 0.183
2018-04-21 18:51:28, 0.0153, 244.648168, 0, 0.183
2018-04-21 18:51:58, 0.015591, 245.387915, 0, 0.183
2018-04-21 18:52:29, 0.015841, 245.418606, 0, 0.183
2018-04-21 18:53:00, 0.015613, 245.368078, 0, 0.183
2018-04-21 18:53:31, 0.015691, 245.178594, 0, 0.183
2018-04-21 18:54:01, 0.357059, 244.598708, 76.058797, 0.184
2018-04-21 18:54:32, 0.361034, 244.41402, 77.276544, 0.185
2018-04-21 18:55:03, 0.364176, 244.476272, 78.026079, 0.185
2018-04-21 18:55:34, 0.367265, 244.956136, 78.902229, 0.186
2018-04-21 18:56:05, 0.374982, 244.432117, 81.013865, 0.187
2018-04-21 18:56:35, 0.380334, 244.425238, 82.404389, 0.188
2018-04-21 18:57:06, 0.382931, 244.28621, 82.990115, 0.188
2018-04-21 18:57:37, 0.380152, 244.524721, 82.441384, 0.189
2018-04-21 18:58:08, 0.377589, 244.113895, 81.588579, 0.19
2018-04-21 18:58:38, 0.375721, 244.003912, 80.960449, 0.19
2018-04-21 18:59:09, 0.372037, 244.885378, 80.14154, 0.191
2018-04-21 18:59:40, 0.372037, 244.513544, 80.017497, 0.192
2018-04-21 19:00:11, 0.37105, 244.375667, 79.590105, 0.192
2018-04-21 19:00:42, 0.370943, 243.720276, 79.331138, 0.193
2018-04-21 19:01:12, 0.369122, 243.922271, 78.857188, 0.194
2018-04-21 19:01:43, 0.368262, 243.293697, 78.542959, 0.195
2018-04-21 19:02:14, 0.366347, 243.288635, 77.94312, 0.195
2018-04-21 19:02:45, 0.365263, 244.041523, 77.776938, 0.196
2018-04-21 19:03:15, 0.36491, 244.028998, 77.669842, 0.197
2018-04-21 19:03:46, 0.363822, 244.270342, 77.392938, 0.197
2018-04-21 19:04:17, 0.363714, 244.661073, 77.383705, 0.198
2018-04-21 19:04:48, 0.362431, 243.866707, 77.011971, 0.199
2018-04-21 19:05:18, 0.361418, 244.648097, 76.879553, 0.199
2018-04-21 19:05:49, 0.360182, 244.513355, 76.687586, 0.2
2018-04-21 19:06:20, 0.359383, 243.752681, 76.419189, 0.201
2018-04-21 19:06:51, 0.358168, 244.968688, 76.347242, 0.201
2018-04-21 19:07:22, 0.357614, 245.556136, 76.420442, 0.202
2018-04-21 19:07:52, 0.356893, 246.012486, 76.249709, 0.203
2018-04-21 19:08:23, 0.355251, 245.798441, 75.774375, 0.203
2018-04-21 19:08:54, 0.355195, 244.897596, 75.604236, 0.204
2018-04-21 19:09:25, 0.354888, 244.63607, 75.518573, 0.205
2018-04-21 19:09:56, 0.353517, 245.592025, 75.37923, 0.205
2018-04-21 19:10:26, 0.354106, 245.798752, 75.485271, 0.206
2018-04-21 19:10:57, 0.352704, 245.796374, 75.009409, 0.206
2018-04-21 19:11:28, 0.350986, 245.593053, 74.502421, 0.207
2018-04-21 19:11:59, 0.351691, 245.592667, 74.755124, 0.208
2018-04-21 19:12:29, 0.351493, 245.553045, 74.673549, 0.208
2018-04-21 19:13:00, 0.350844, 245.521929, 74.574301, 0.209
2018-04-21 19:13:31, 0.350901, 245.631286, 74.656997, 0.21
2018-04-21 19:14:02, 0.348748, 245.683381, 74.131347, 0.21
2018-04-21 19:14:33, 0.349032, 245.819009, 74.107408, 0.211
2018-04-21 19:15:03, 0.348208, 245.812866, 74.035792, 0.212
2018-04-21 19:15:34, 0.346868, 245.663502, 73.816985, 0.212
2018-04-21 19:16:05, 0.348066, 245.626335, 73.944853, 0.213
2018-04-21 19:16:35, 0.346753, 245.472765, 73.537443, 0.214
2018-04-21 19:17:06, 0.346868, 245.446598, 73.610114, 0.214
2018-04-21 19:17:37, 0.346868, 244.855773, 73.552478, 0.215
2018-04-21 19:18:08, 0.346096, 245.475322, 73.304985, 0.216
2018-04-21 19:18:38, 0.346153, 245.361422, 73.204814, 0.216
2018-04-21 19:19:09, 0.346668, 245.157803, 73.29727, 0.217
2018-04-21 19:19:40, 0.344431, 245.119427, 72.835454, 0.217
2018-04-21 19:20:12, 0.345293, 245.248287, 72.835454, 0.218
2018-04-21 19:20:43, 0.344632, 245.179705, 72.65727, 0.219
2018-04-21 19:21:14, 0.344948, 245.50352, 72.820749, 0.219
2018-04-21 19:21:44, 0.343855, 245.674991, 72.59172, 0.22
2018-04-21 19:22:15, 0.34322, 245.563707, 72.516543, 0.221
2018-04-21 19:22:46, 0.343336, 245.713179, 72.597853, 0.221
2018-04-21 19:23:17, 0.343163, 245.724312, 72.522016, 0.222
2018-04-21 19:23:48, 0.342498, 245.726986, 72.258564, 0.223
2018-04-21 19:24:18, 0.341368, 246.023444, 72.502233, 0.223
2018-04-21 19:24:49, 0.341484, 245.98857, 72.591786, 0.224
2018-04-21 19:25:20, 0.340292, 245.761233, 72.233439, 0.224
2018-04-21 19:25:51, 0.339651, 245.736036, 72.151535, 0.225
2018-04-21 19:26:21, 0.340932, 245.888763, 72.355174, 0.226
2018-04-21 19:26:52, 0.338833, 245.683717, 71.847725, 0.226
2018-04-21 19:27:23, 0.339417, 245.893, 72.071082, 0.227
2018-04-21 19:27:54, 0.33854, 245.539059, 71.739838, 0.228
2018-04-21 19:28:25, 0.339213, 244.861797, 71.700205, 0.228
2018-04-21 19:28:55, 0.338365, 244.553783, 71.561852, 0.229
2018-04-21 19:29:26, 0.337778, 245.445957, 71.290619, 0.229
2018-04-21 19:29:57, 0.338804, 245.430876, 71.730672, 0.23
2018-04-21 19:30:27, 0.339008, 245.568691, 71.668156, 0.231
2018-04-21 19:30:58, 0.33857, 245.666484, 71.437281, 0.231
2018-04-21 19:31:29, 0.337984, 245.233099, 71.353069, 0.232
2018-04-21 19:32:00, 0.33813, 244.904032, 71.304269, 0.233
2018-04-21 19:32:30, 0.336662, 245.247658, 71.146198, 0.233
2018-04-21 19:33:01, 0.338013, 245.087795, 71.402462, 0.234
2018-04-21 19:33:32, 0.337162, 245.506855, 71.241555, 0.234
2018-04-21 19:34:03, 0.33675, 245.527049, 71.143692, 0.235
2018-04-21 19:34:34, 0.336809, 245.445665, 71.074186, 0.236
2018-04-21 19:35:04, 0.336985, 244.858898, 70.814097, 0.236
2018-04-21 19:35:35, 0.33678, 245.496978, 70.951989, 0.237
2018-04-21 19:36:06, 0.33566, 246.056215, 70.732853, 0.237
2018-04-21 19:36:37, 0.337132, 245.833773, 71.219398, 0.238
2018-04-21 19:37:08, 0.336014, 244.694779, 70.795633, 0.239
2018-04-21 19:37:38, 0.336132, 244.768587, 70.812383, 0.239
2018-04-21 19:38:09, 0.33498, 245.148697, 70.753032, 0.24
2018-04-21 19:38:40, 0.334417, 245.673944, 70.636705, 0.241
2018-04-21 19:39:11, 0.333052, 245.315952, 70.255079, 0.241
2018-04-21 19:39:41, 0.334536, 246.057618, 71.025189, 0.242
2018-04-21 19:40:12, 0.333854, 245.975572, 70.636045, 0.242
2018-04-21 19:40:43, 0.333795, 245.85309, 70.698627, 0.243
2018-04-21 19:41:14, 0.33421, 245.729727, 70.848587, 0.244
2018-04-21 19:41:44, 0.334565, 245.815343, 70.84496, 0.244
2018-04-21 19:42:15, 0.33418, 245.835086, 70.52684, 0.245
2018-04-21 19:42:46, 0.333735, 246.267125, 70.724742, 0.245
2018-04-21 19:43:17, 0.333646, 246.162026, 70.45641, 0.246
2018-04-21 19:43:48, 0.332992, 245.356121, 70.22171, 0.247
2018-04-21 19:44:18, 0.333349, 245.163699, 70.394157, 0.247
2018-04-21 19:44:49, 0.333557, 245.246144, 70.325838, 0.248
2018-04-21 19:45:20, 0.3332, 245.409238, 70.366592, 0.249
2018-04-21 19:45:51, 0.333943, 245.660505, 70.651476, 0.249
2018-04-21 19:46:22, 0.333498, 244.579636, 69.98101, 0.25
2018-04-21 19:46:52, 0.333884, 244.696341, 70.13519, 0.25
2018-04-21 19:47:23, 0.332992, 244.6308, 70.080653, 0.251
2018-04-21 19:47:54, 0.330992, 244.36737, 69.564367, 0.252
2018-04-21 19:48:25, 0.333289, 244.615019, 70.219007, 0.252
2018-04-21 19:48:55, 0.332128, 244.415201, 69.7351, 0.253
2018-04-21 19:49:26, 0.332694, 244.332961, 69.877146, 0.253
2018-04-21 19:49:57, 0.33165, 244.625166, 69.594636, 0.254
2018-04-21 19:50:28, 0.332486, 244.188895, 69.779745, 0.255
2018-04-21 19:50:59, 0.331441, 244.764844, 69.711359, 0.255
2018-04-21 19:51:29, 0.332247, 244.929368, 69.903656, 0.256
2018-04-21 19:52:00, 0.331979, 245.094434, 69.835271, 0.256
2018-04-21 19:52:31, 0.332038, 245.241494, 69.851427, 0.257
2018-04-21 19:53:02, 0.331501, 244.971849, 69.649173, 0.258
2018-04-21 19:53:32, 0.332784, 245.226856, 70.069377, 0.258
2018-04-21 19:54:03, 0.33168, 245.738456, 69.861715, 0.259
2018-04-21 19:54:34, 0.331979, 245.920185, 69.861187, 0.259
2018-04-21 19:55:05, 0.330153, 245.534561, 69.441511, 0.26
2018-04-21 19:55:36, 0.3318, 245.296075, 69.894753, 0.261
2018-04-21 19:56:06, 0.330003, 246.026966, 69.513985, 0.261
2018-04-21 19:56:37, 0.330753, 246.040088, 69.839359, 0.262
2018-04-21 19:57:08, 0.330213, 245.99088, 69.654317, 0.262
2018-04-21 19:57:39, 0.330093, 246.425557, 69.729362, 0.263
2018-04-21 19:58:09, 0.330813, 246.506625, 69.907613, 0.264
2018-04-21 19:58:40, 0.329823, 246.011587, 69.343384, 0.264
2018-04-21 19:59:11, 0.330273, 245.67534, 69.633148, 0.265
2018-04-21 19:59:42, 0.329913, 245.821316, 69.352353, 0.266
2018-04-21 20:00:13, 0.328619, 246.698573, 69.637962, 0.266
2018-04-21 20:00:43, 0.329462, 246.913042, 69.725604, 0.267
2018-04-21 20:01:14, 0.328136, 247.014473, 69.373455, 0.267
2018-04-21 20:01:45, 0.329612, 246.811903, 69.997694, 0.268
2018-04-21 20:02:16, 0.327077, 246.649556, 69.194875, 0.269
2018-04-21 20:02:47, 0.328317, 246.968014, 69.612507, 0.269
2018-04-21 20:03:17, 0.327592, 246.458952, 69.257787, 0.27
2018-04-21 20:03:48, 0.327683, 246.530831, 69.3755, 0.27
2018-04-21 20:04:19, 0.328226, 245.830439, 69.221649, 0.271
2018-04-21 20:04:50, 0.32738, 246.714859, 69.274669, 0.272
2018-04-21 20:05:20, 0.328679, 247.047704, 69.425882, 0.272
2018-04-21 20:05:51, 0.327955, 246.896136, 69.332833, 0.273
2018-04-21 20:06:22, 0.326865, 246.699304, 69.10486, 0.273
2018-04-21 20:06:53, 0.327259, 246.690565, 69.256073, 0.274
2018-04-21 20:07:24, 0.325802, 246.484006, 68.911508, 0.275
2018-04-21 20:07:54, 0.327773, 246.404725, 69.460108, 0.275
2018-04-21 20:08:25, 0.32901, 247.343461, 69.706084, 0.276
2018-04-21 20:08:56, 0.327319, 247.386499, 69.510688, 0.276
2018-04-21 20:09:27, 0.144254, 247.058509, 13.6222, 0.277
2018-04-21 20:09:57, 0.015213, 247.124619, 0, 0.277
2018-04-21 20:10:28, 0.01561, 247.582027, 0, 0.277
2018-04-21 20:10:59, 0.015508, 247.548017, 0, 0.277
2018-04-21 20:11:30, 0.015515, 247.952119, 0, 0.277
2018-04-21 20:12:00, 0.015344, 247.846996, 0, 0.277
2018-04-21 20:12:31, 0.015487, 247.362677, 0, 0.277
2018-04-21 20:13:02, 0.0158, 247.283137, 0, 0.277
2018-04-21 20:13:33, 0.015766, 245.803853, 0, 0.277
2018-04-21 20:14:03, 0.015809, 246.315785, 0, 0.277
2018-04-21 20:14:34, 0.015569, 246.191262, 0, 0.277
2018-04-21 20:15:05, 0.015596, 246.063748, 0, 0.277
2018-04-21 20:15:36, 0.015424, 246.000147, 0, 0.277
2018-04-21 20:16:06, 0.015467, 245.84987, 0, 0.277
2018-04-21 20:16:37, 0.015452, 246.634089, 0, 0.277
2018-04-21 20:17:08, 0.015705, 247.06714, 0, 0.277
2018-04-21 20:17:39, 0.015091, 246.523263, 0, 0.277
2018-04-21 20:18:09, 0.015591, 246.620851, 0, 0.277
2018-04-21 20:18:40, 0.015695, 246.735626, 0, 0.277
2018-04-21 20:19:11, 0.01568, 246.673208, 0, 0.277
2018-04-21 20:19:42, 0.015767, 246.952672, 0, 0.277
2018-04-21 20:20:12, 0.015256, 246.327605, 0, 0.277
2018-04-21 20:20:43, 0.015371, 247.086684, 0, 0.277
2018-04-21 20:21:14, 0.015314, 247.301175, 0, 0.277
2018-04-21 20:21:45, 0.015139, 247.229065, 0, 0.277
2018-04-21 20:22:15, 0.015337, 246.543618, 0, 0.277
2018-04-21 20:22:46, 0.015451, 246.536137, 0, 0.277
2018-04-21 20:23:17, 0.01537, 246.427995, 0, 0.277
2018-04-21 20:23:48, 0.015395, 246.753584, 0, 0.277
2018-04-21 20:24:18, 0.015411, 247.018049, 0, 0.277
2018-04-21 20:24:49, 0.015618, 246.941025, 0, 0.277
2018-04-21 20:25:20, 0.015251, 246.464245, 0, 0.277
2018-04-21 20:25:51, 0.015165, 246.545219, 0, 0.277
2018-04-21 20:26:21, 0.015659, 246.893928, 0, 0.277
2018-04-21 20:26:52, 0.015698, 247.04129, 0, 0.277
2018-04-21 20:27:23, 0.015016, 246.980903, 0, 0.277
2018-04-21 20:27:54, 0.015389, 247.0759, 0, 0.277
2018-04-21 20:28:24, 0.015015, 246.607608, 0, 0.277
2018-04-21 20:28:55, 0.015413, 246.42307, 0, 0.277
2018-04-21 20:29:26, 0.01541, 246.019176, 0, 0.277
2018-04-21 20:29:57, 0.015414, 246.262022, 0, 0.277
2018-04-21 20:30:27, 0.015426, 246.188939, 0, 0.277
2018-04-21 20:30:58, 0.015678, 245.907674, 0, 0.277
2018-04-21 20:31:29, 0.015808, 246.356655, 0, 0.277
2018-04-21 20:32:00, 0.015813, 246.745125, 0, 0.277
2018-04-21 20:32:30, 0.016084, 246.831793, 0, 0.277
2018-04-21 20:33:01, 0.015455, 246.832097, 0, 0.277
2018-04-21 20:33:32, 0.015521, 247.492448, 0, 0.277
2018-04-21 20:34:03, 0.016151, 246.816174, 0, 0.277
2018-04-21 20:34:33, 0.015508, 246.736187, 0, 0.277
2018-04-21 20:35:04, 0.015537, 246.66391, 0, 0.277
2018-04-21 20:35:35, 0.01496, 246.878776, 0, 0.277
2018-04-21 20:36:06, 0.0153, 247.461975, 0, 0.277
2018-04-21 20:36:36, 0.015518, 247.748042, 0, 0.277
2018-04-21 20:37:07, 0.015164, 248.101396, 0, 0.277
2018-04-21 20:37:38, 0.015142, 247.868444, 0, 0.277
2018-04-21 20:38:09, 0.015329, 247.986225, 0, 0.277
2018-04-21 20:38:39, 0.015342, 247.942868, 0, 0.277
2018-04-21 20:39:10, 0.015363, 247.618245, 0, 0.277
2018-04-21 20:39:41, 0.0151, 247.51257, 0, 0.277
2018-04-21 20:40:12, 0.015696, 247.927295, 0, 0.277
2018-04-21 20:40:42, 0.015447, 247.958076, 0, 0.277
2018-04-21 20:41:13, 0.015516, 247.645091, 0, 0.277
2018-04-21 20:41:44, 0.016052, 247.858239, 0, 0.277
2018-04-21 20:42:15, 0.015268, 247.483338, 0, 0.277
2018-04-21 20:42:45, 0.015808, 247.441018, 0, 0.277
2018-04-21 20:43:16, 0.015265, 247.452429, 0, 0.277
2018-04-21 20:43:47, 0.015381, 247.108389, 0, 0.277
2018-04-21 20:44:18, 0.01576, 246.788647, 0, 0.277
2018-04-21 20:44:48, 0.015365, 246.572067, 0, 0.277
2018-04-21 20:45:19, 0.015275, 246.409076, 0, 0.277
2018-04-21 20:45:50, 0.015817, 246.532763, 0, 0.277
2018-04-21 20:46:21, 0.015715, 246.248799, 0, 0.277
2018-04-21 20:46:51, 0.015676, 246.502552, 0, 0.277
2018-04-21 20:47:22, 0.015341, 246.6558, 0, 0.277
2018-04-21 20:47:53, 0.015263, 246.922846, 0, 0.277
2018-04-21 20:48:24, 0.01556, 246.648727, 0, 0.277
2018-04-21 20:48:54, 0.015297, 246.995607, 0, 0.277
2018-04-21 20:49:25, 0.015195, 247.149025, 0, 0.277
2018-04-21 20:49:56, 0.015916, 247.005315, 0, 0.277
2018-04-21 20:50:27, 0.015641, 247.165844, 0, 0.277
2018-04-21 20:50:57, 0.015492, 247.397871, 0, 0.277
2018-04-21 20:51:28, 0.015221, 246.503636, 0, 0.277
2018-04-21 20:51:59, 0.015529, 246.678068, 0, 0.277
2018-04-21 20:52:30, 0.015437, 247.088843, 0, 0.277
2018-04-21 20:53:00, 0.015388, 246.902492, 0, 0.277
2018-04-21 20:53:31, 0.015555, 247.334489, 0, 0.277
2018-04-21 20:54:02, 0.015891, 247.219231, 0, 0.277
2018-04-21 20:54:33, 0.015388, 247.121446, 0, 0.277
2018-04-21 20:55:03, 0.015506, 247.141131, 0, 0.277
2018-04-21 20:55:34, 0.015204, 247.633, 0, 0.277
2018-04-21 20:56:05, 0.015263, 247.434083, 0, 0.277
2018-04-21 20:56:36, 0.015516, 246.910546, 0, 0.277
2018-04-21 20:57:06, 0.015399, 246.886115, 0, 0.277
2018-04-21 20:57:37, 0.015061, 246.969684, 0, 0.277
2018-04-21 20:58:08, 0.015304, 246.885436, 0, 0.277
2018-04-21 20:58:39, 0.015676, 246.370096, 0, 0.277
2018-04-21 20:59:09, 0.015667, 246.441351, 0, 0.277
2018-04-21 20:59:40, 0.015866, 246.251605, 0, 0.277
2018-04-21 21:00:11, 0.015271, 246.362558, 0, 0.277
2018-04-21 21:00:42, 0.015564, 246.313676, 0, 0.277
2018-04-21 21:01:12, 0.015294, 246.609161, 0, 0.277
2018-04-21 21:01:43, 0.015416, 246.538997, 0, 0.277
2018-04-21 21:02:14, 0.015494, 246.066943, 0, 0.277
2018-04-21 21:02:45, 0.015205, 245.858902, 0, 0.277
2018-04-21 21:03:15, 0.015698, 245.657075, 0, 0.277
2018-04-21 21:03:46, 0.016038, 246.017753, 0, 0.277
2018-04-21 21:04:17, 0.015459, 246.036636, 0, 0.277
2018-04-21 21:04:48, 0.0151, 245.973561, 0, 0.277
2018-04-21 21:05:18, 0.015539, 245.975159, 0, 0.277
2018-04-21 21:05:49, 0.014936, 245.941944, 0, 0.277
2018-04-21 21:06:20, 0.015791, 245.768931, 0, 0.277
2018-04-21 21:06:51, 0.015159, 246.618852, 0, 0.277
2018-04-21 21:07:21, 0.015568, 246.640034, 0, 0.277
2018-04-21 21:07:52, 0.015187, 246.425938, 0, 0.277
2018-04-21 21:08:23, 0.015589, 246.431803, 0, 0.277
2018-04-21 21:08:54, 0.015414, 246.694896, 0, 0.277
2018-04-21 21:09:24, 0.014982, 246.625024, 0, 0.277
2018-04-21 21:09:55, 0.015531, 246.683222, 0, 0.277
2018-04-21 21:10:26, 0.01573, 246.746858, 0, 0.277
2018-04-21 21:10:57, 0.015474, 247.459995, 0, 0.277
2018-04-21 21:11:27, 0.015622, 247.426046, 0, 0.277
2018-04-21 21:11:58, 0.015516, 247.622078, 0, 0.277
2018-04-21 21:12:29, 0.015, 247.587524, 0, 0.277
2018-04-21 21:13:00, 0.015651, 247.53392, 0, 0.277
2018-04-21 21:13:30, 0.015285, 247.559163, 0, 0.277
2018-04-21 21:14:01, 0.015559, 247.517198, 0, 0.277
2018-04-21 21:14:32, 0.015249, 247.556995, 0, 0.277
2018-04-21 21:15:03, 0.015469, 247.63863, 0, 0.277
2018-04-21 21:15:33, 0.015336, 247.795845, 0, 0.277
2018-04-21 21:16:04, 0.015368, 247.58501, 0, 0.277
2018-04-21 21:16:35, 0.351747, 247.487795, 75.75657, 0.277
2018-04-21 21:17:05, 0.35908, 247.993135, 77.882318, 0.278
2018-04-21 21:17:36, 0.359796, 247.965943, 78.010648, 0.279
2018-04-21 21:18:07, 0.361829, 247.944295, 78.429928, 0.279
2018-04-21 21:18:38, 0.369766, 247.587244, 80.643318, 0.28
2018-04-21 21:19:09, 0.377641, 247.656481, 82.848069, 0.281
2018-04-21 21:19:39, 0.380595, 247.627618, 83.730022, 0.282
2018-04-21 21:20:10, 0.380985, 247.78275, 83.841536, 0.282
2018-04-21 21:20:41, 0.375034, 247.917072, 82.206091, 0.283
2018-04-21 21:21:12, 0.372489, 248.178387, 81.74698, 0.284
2018-04-21 21:21:42, 0.370221, 248.056002, 80.934137, 0.284
2018-04-21 21:22:13, 0.368558, 247.805167, 80.550533, 0.285
2018-04-21 21:22:44, 0.368154, 247.821164, 80.418181, 0.286
2018-04-21 21:23:15, 0.367022, 247.165313, 80.111535, 0.287
2018-04-21 21:23:46, 0.365643, 247.218616, 79.73558, 0.287
2018-04-21 21:24:16, 0.363822, 247.091032, 79.187179, 0.288
2018-04-21 21:24:47, 0.36295, 247.137579, 78.881456, 0.289
2018-04-21 21:25:18, 0.361226, 247.112456, 78.517504, 0.289
2018-04-21 21:25:49, 0.359824, 246.827268, 78.169774, 0.29
2018-04-21 21:26:20, 0.358997, 246.26076, 77.774629, 0.291
2018-04-21 21:26:50, 0.359024, 245.971991, 77.716334, 0.291
2018-04-21 21:27:21, 0.357559, 245.88777, 77.324882, 0.292
2018-04-21 21:27:52, 0.35742, 246.159067, 77.128365, 0.293
2018-04-21 21:28:23, 0.356587, 245.963336, 76.895116, 0.293
2018-04-21 21:28:53, 0.356671, 246.043147, 76.844206, 0.294
2018-04-21 21:29:24, 0.354888, 246.137833, 76.463042, 0.295
2018-04-21 21:29:55, 0.354804, 246.384743, 76.430202, 0.295
2018-04-21 21:30:26, 0.353573, 246.382758, 76.049103, 0.296
2018-04-21 21:30:56, 0.352563, 246.341103, 75.784662, 0.297
2018-04-21 21:31:27, 0.351747, 246.580049, 75.608984, 0.297
2018-04-21 21:31:58, 0.352141, 246.766197, 75.706913, 0.298
2018-04-21 21:32:29, 0.351268, 246.598799, 75.371713, 0.299
2018-04-21 21:32:59, 0.351352, 246.576295, 75.39697, 0.299
2018-04-21 21:33:30, 0.350109, 246.722996, 75.038029, 0.3
2018-04-21 21:34:01, 0.34977, 247.419065, 75.211136, 0.301
2018-04-21 21:34:32, 0.349231, 247.347136, 75.024774, 0.301
2018-04-21 21:35:03, 0.348122, 247.595173, 74.632663, 0.302
2018-04-21 21:35:33, 0.348009, 247.70661, 74.709424, 0.303
2018-04-21 21:36:04, 0.347895, 247.2559, 74.569553, 0.303
2018-04-21 21:36:35, 0.346725, 247.565399, 74.436739, 0.304
2018-04-21 21:37:06, 0.346753, 247.785383, 74.416099, 0.305
2018-04-21 21:37:37, 0.346725, 247.948575, 74.564014, 0.305
2018-04-21 21:38:07, 0.34535, 247.90794, 74.054256, 0.306
2018-04-21 21:38:38, 0.344891, 247.984552, 73.924872, 0.306
2018-04-21 21:39:09, 0.344258, 248.413482, 73.908847, 0.307
2018-04-21 21:39:40, 0.344719, 248.287207, 73.982904, 0.308
2018-04-21 21:40:10, 0.342845, 248.464743, 73.548587, 0.308
2018-04-21 21:40:41, 0.342961, 248.497206, 73.703955, 0.309
2018-04-21 21:41:12, 0.342585, 248.439174, 73.54496, 0.31
2018-04-21 21:41:43, 0.343047, 248.282654, 73.513175, 0.31
2018-04-21 21:42:14, 0.341687, 245.840848, 72.924283, 0.311
2018-04-21 21:42:44, 0.341048, 246.184241, 72.870669, 0.312
2018-04-21 21:43:15, 0.341252, 246.111991, 72.927778, 0.312
2018-04-21 21:43:46, 0.341658, 245.874764, 73.032565, 0.313
2018-04-21 21:44:17, 0.340379, 246.167498, 72.864668, 0.314
2018-04-21 21:44:48, 0.339242, 246.602534, 72.663073, 0.314
2018-04-21 21:45:18, 0.339242, 246.689933, 72.662678, 0.315
2018-04-21 21:45:49, 0.339242, 246.585798, 72.465237, 0.315
2018-04-21 21:46:20, 0.339767, 245.342965, 72.3803, 0.316
2018-04-21 21:46:51, 0.339797, 244.663334, 72.156679, 0.317
2018-04-21 21:47:21, 0.340176, 244.488241, 72.159251, 0.317
2018-04-21 21:47:52, 0.339038, 244.579055, 71.805322, 0.318
2018-04-21 21:48:23, 0.339505, 244.386112, 71.857749, 0.319
2018-04-21 21:48:54, 0.338862, 244.187255, 71.698952, 0.319
2018-04-21 21:49:25, 0.338833, 244.367087, 71.741223, 0.32
2018-04-21 21:49:55, 0.338452, 244.378545, 71.606761, 0.32
2018-04-21 21:50:26, 0.339184, 244.190623, 71.796024, 0.321
2018-04-21 21:50:57, 0.337485, 244.354167, 71.39046, 0.322
2018-04-21 21:51:28, 0.337984, 244.839047, 71.541079, 0.322
2018-04-21 21:51:59, 0.336956, 244.922454, 71.253689, 0.323
2018-04-21 21:52:29, 0.337778, 244.76617, 71.499863, 0.324
2018-04-21 21:53:00, 0.337221, 244.531621, 71.257118, 0.324
2018-04-21 21:53:31, 0.33678, 244.554503, 71.061722, 0.325
2018-04-21 21:54:02, 0.336897, 244.473936, 71.248875, 0.325
2018-04-21 21:54:32, 0.336632, 244.444407, 71.0302, 0.326
2018-04-21 21:55:03, 0.336956, 244.856264, 71.257184, 0.327
2018-04-21 21:55:34, 0.335866, 244.813436, 70.975334, 0.327
2018-04-21 21:56:05, 0.335453, 245.093655, 71.089683, 0.328
2018-04-21 21:56:36, 0.335601, 245.274399, 71.171323, 0.328
2018-04-21 21:57:06, 0.333973, 245.088055, 70.815087, 0.329
2018-04-21 21:57:37, 0.335276, 245.193271, 71.242479, 0.33
2018-04-21 21:58:08, 0.334595, 245.298982, 71.087309, 0.33
2018-04-21 21:58:39, 0.334299, 245.515819, 71.140461, 0.331
2018-04-21 21:59:09, 0.333616, 245.532712, 70.930887, 0.332
2018-04-21 21:59:40, 0.333705, 245.422249, 70.958716, 0.332
2018-04-21 22:00:11, 0.333141, 245.480155, 70.55335, 0.333
2018-04-21 22:00:42, 0.333498, 245.571004, 70.687878, 0.333
2018-04-21 22:01:13, 0.334388, 245.694563, 70.86936, 0.334
2018-04-21 22:01:43, 0.333913, 245.982045, 70.793786, 0.335
2018-04-21 22:02:14, 0.3332, 246.067787, 70.653257, 0.335
2018-04-21 22:02:45, 0.333735, 245.911802, 70.722829, 0.336
2018-04-21 22:03:16, 0.332933, 245.46515, 70.444672, 0.336
2018-04-21 22:03:47, 0.333884, 245.715283, 70.652399, 0.337
2018-04-21 22:04:17, 0.333438, 245.954895, 70.562978, 0.338
2018-04-21 22:04:48, 0.331829, 245.87407, 70.189991, 0.338
2018-04-21 22:05:19, 0.332217, 245.459491, 70.245319, 0.339
2018-04-21 22:05:50, 0.332903, 245.524622, 70.353667, 0.34
2018-04-21 22:06:20, 0.333022, 245.072833, 70.25099, 0.34
2018-04-21 22:06:51, 0.33165, 245.597241, 70.020181, 0.341
2018-04-21 22:07:22, 0.332992, 245.815807, 70.480678, 0.341
2018-04-21 22:07:53, 0.331321, 246.394472, 70.110197, 0.342
2018-04-21 22:08:24, 0.331859, 246.400812, 70.253364, 0.343
2018-04-21 22:08:54, 0.332188, 245.99646, 70.202454, 0.343
2018-04-21 22:09:25, 0.33159, 246.506978, 70.070432, 0.344
2018-04-21 22:09:56, 0.332158, 245.962672, 70.185902, 0.344
2018-04-21 22:10:27, 0.331291, 246.168835, 69.970788, 0.345
2018-04-21 22:10:58, 0.33177, 246.270427, 70.085138, 0.346
2018-04-21 22:11:28, 0.33177, 246.553417, 70.255804, 0.346
2018-04-21 22:11:59, 0.331919, 246.525412, 70.089226, 0.347
2018-04-21 22:12:30, 0.331411, 246.356234, 69.95173, 0.347
2018-04-21 22:13:01, 0.331262, 245.12748, 69.816344, 0.348
2018-04-21 22:13:31, 0.331082, 245.21307, 69.811398, 0.349
2018-04-21 22:14:02, 0.331262, 245.049306, 69.86699, 0.349
2018-04-21 22:14:33, 0.331232, 245.023107, 69.718547, 0.35
2018-04-21 22:15:04, 0.331202, 245.381922, 69.79056, 0.351
2018-04-21 22:15:35, 0.331172, 245.139782, 69.784625, 0.351
2018-04-21 22:16:05, 0.330723, 245.059471, 69.624114, 0.352
2018-04-21 22:16:36, 0.329943, 245.062759, 69.390865, 0.352
2018-04-21 22:17:07, 0.330633, 245.169041, 69.646733, 0.353
2018-04-21 22:17:38, 0.329883, 245.303166, 69.426541, 0.354
2018-04-21 22:18:09, 0.330363, 245.197542, 69.514117, 0.354
2018-04-21 22:18:39, 0.329702, 245.125546, 69.362311, 0.355
2018-04-21 22:19:10, 0.331082, 245.076141, 69.730088, 0.355
2018-04-21 22:19:41, 0.330423, 245.094588, 69.514842, 0.356
2018-04-21 22:20:12, 0.329492, 245.343654, 69.212351, 0.357
2018-04-21 22:20:42, 0.330603, 245.523064, 69.534626, 0.357
2018-04-21 22:21:13, 0.329101, 244.846322, 69.090352, 0.358
2018-04-21 22:21:44, 0.330243, 245.174183, 69.335735, 0.358
2018-04-21 22:22:15, 0.329161, 245.281393, 69.176938, 0.359
2018-04-21 22:22:46, 0.329432, 245.010683, 69.199953, 0.36
2018-04-21 22:23:16, 0.330633, 245.142962, 69.54155, 0.36
2018-04-21 22:23:47, 0.330603, 245.416741, 69.510424, 0.361
2018-04-21 22:24:18, 0.331172, 245.409512, 69.742486, 0.361
2018-04-21 22:24:49, 0.329372, 245.674462, 69.330921, 0.362
2018-04-21 22:25:19, 0.32901, 243.972537, 68.961627, 0.363
2018-04-21 22:25:50, 0.329552, 244.046549, 69.063974, 0.363
2018-04-21 22:26:21, 0.329101, 244.265216, 69.01069, 0.364
2018-04-21 22:26:52, 0.330393, 244.127718, 69.382028, 0.364
2018-04-21 22:27:23, 0.329311, 245.317567, 69.17219, 0.365
2018-04-21 22:27:53, 0.329071, 245.653937, 69.413286, 0.366
2018-04-21 22:28:24, 0.327803, 245.298722, 69.041948, 0.366
2018-04-21 22:28:55, 0.328347, 245.606344, 69.228639, 0.367
2018-04-21 22:29:26, 0.329071, 245.646033, 69.391129, 0.367
2018-04-21 22:29:56, 0.329041, 245.646085, 69.324524, 0.368
2018-04-21 22:30:27, 0.328498, 245.586849, 69.137239, 0.369
2018-04-21 22:30:58, 0.328377, 245.859848, 69.070305, 0.369
2018-04-21 22:31:29, 0.32735, 246.097251, 68.778958, 0.37
2018-04-21 22:31:59, 0.328377, 246.028831, 69.033771, 0.37
2018-04-21 22:32:30, 0.015329, 246.300247, 0, 0.371
2018-04-21 22:33:01, 0.01519, 246.456473, 0, 0.371
2018-04-21 22:33:32, 0.015552, 246.407211, 0, 0.371
2018-04-21 22:34:02, 0.015344, 246.443959, 0, 0.371
2018-04-21 22:34:33, 0.015766, 246.356478, 0, 0.371
2018-04-21 22:35:04, 0.01562, 246.576402, 0, 0.371
2018-04-21 22:35:35, 0.015328, 246.422107, 0, 0.371
2018-04-21 22:36:05, 0.015249, 246.183848, 0, 0.371
2018-04-21 22:36:36, 0.015573, 246.175891, 0, 0.371
2018-04-21 22:37:07, 0.015808, 246.200912, 0, 0.371
2018-04-21 22:37:38, 0.015345, 245.702035, 0, 0.371
2018-04-21 22:38:08, 0.015449, 245.683401, 0, 0.371
2018-04-21 22:38:39, 0.014992, 245.776572, 0, 0.371
2018-04-21 22:39:10, 0.015711, 245.942483, 0, 0.371
2018-04-21 22:39:41, 0.015428, 246.3596, 0, 0.371
2018-04-21 22:40:11, 0.015586, 246.404591, 0, 0.371
2018-04-21 22:40:42, 0.0156, 246.323138, 0, 0.371
2018-04-21 22:41:13, 0.015231, 246.361078, 0, 0.371
2018-04-21 22:41:44, 0.015462, 246.37449, 0, 0.371
2018-04-21 22:42:14, 0.015303, 246.130599, 0, 0.371
2018-04-21 22:42:45, 0.01533, 246.547502, 0, 0.371
2018-04-21 22:43:16, 0.015511, 246.48217, 0, 0.371
2018-04-21 22:43:47, 0.015613, 246.407449, 0, 0.371
2018-04-21 22:44:17, 0.015303, 246.380417, 0, 0.371
2018-04-21 22:44:48, 0.015483, 246.31274, 0, 0.371
2018-04-21 22:45:19, 0.015121, 245.828671, 0, 0.371
2018-04-21 22:45:49, 0.015359, 245.944769, 0, 0.371
2018-04-21 22:46:20, 0.015452, 246.180428, 0, 0.371
2018-04-21 22:46:51, 0.015556, 246.536115, 0, 0.371
2018-04-21 22:47:22, 0.015333, 246.844643, 0, 0.371
2018-04-21 22:47:52, 0.015424, 246.807475, 0, 0.371
2018-04-21 22:48:23, 0.015366, 246.557347, 0, 0.371
2018-04-21 22:48:54, 0.015424, 246.707348, 0, 0.371
2018-04-21 22:49:25, 0.015062, 246.769089, 0, 0.371
2018-04-21 22:49:55, 0.015331, 247.169761, 0, 0.371
2018-04-21 22:50:26, 0.015323, 247.286402, 0, 0.371
2018-04-21 22:50:57, 0.015429, 246.948051, 0, 0.371
2018-04-21 22:51:28, 0.015089, 247.001751, 0, 0.371
2018-04-21 22:51:58, 0.015417, 246.763688, 0, 0.371
2018-04-21 22:52:29, 0.015567, 246.933349, 0, 0.371
2018-04-21 22:53:00, 0.016072, 247.122849, 0, 0.371
2018-04-21 22:53:31, 0.015542, 247.534249, 0, 0.371
2018-04-21 22:54:02, 0.015643, 247.634305, 0, 0.371
2018-04-21 22:54:32, 0.015286, 247.626933, 0, 0.371
2018-04-21 22:55:03, 0.015311, 247.383849, 0, 0.371
2018-04-21 22:55:34, 0.01519, 247.891212, 0, 0.371
2018-04-21 22:56:04, 0.015359, 247.728781, 0, 0.371
2018-04-21 22:56:35, 0.015454, 247.899655, 0, 0.371
2018-04-21 22:57:06, 0.015472, 247.951576, 0, 0.371
2018-04-21 22:57:37, 0.015439, 247.933679, 0, 0.371
2018-04-21 22:58:07, 0.015415, 247.852671, 0, 0.371
2018-04-21 22:58:38, 0.015385, 247.935418, 0, 0.371
2018-04-21 22:59:09, 0.015297, 247.729299, 0, 0.371
2018-04-21 22:59:40, 0.01562, 247.127409, 0, 0.371
2018-04-21 23:00:10, 0.015375, 247.324178, 0, 0.371
2018-04-21 23:00:41, 0.015354, 247.316799, 0, 0.371
2018-04-21 23:01:12, 0.015469, 247.5855, 0, 0.371
2018-04-21 23:01:43, 0.015106, 248.181965, 0, 0.371
2018-04-21 23:02:13, 0.015141, 248.240365, 0, 0.371
2018-04-21 23:02:44, 0.014996, 248.158899, 0, 0.371
2018-04-21 23:03:15, 0.015572, 247.218948, 0, 0.371
2018-04-21 23:03:46, 0.015661, 246.710565, 0, 0.371
2018-04-21 23:04:16, 0.015034, 245.983743, 0, 0.371
2018-04-21 23:04:47, 0.015759, 245.606299, 0, 0.371
2018-04-21 23:05:18, 0.015262, 244.982199, 0, 0.371
2018-04-21 23:05:49, 0.015376, 244.541692, 0, 0.371
2018-04-21 23:06:20, 0.015767, 244.630234, 0, 0.371
2018-04-21 23:06:50, 0.015707, 244.902521, 0, 0.371
2018-04-21 23:07:21, 0.015498, 245.876214, 0, 0.371
2018-04-21 23:07:52, 0.015809, 245.891607, 0, 0.371
2018-04-21 23:08:22, 0.015495, 245.713973, 0, 0.371
2018-04-21 23:08:53, 0.015308, 245.882659, 0, 0.371
2018-04-21 23:09:24, 0.014956, 245.70442, 0, 0.371
2018-04-21 23:09:55, 0.015229, 245.433976, 0, 0.371
2018-04-21 23:10:26, 0.015668, 245.573571, 0, 0.371
2018-04-21 23:10:56, 0.015341, 245.824329, 0, 0.371
2018-04-21 23:11:27, 0.015736, 246.026449, 0, 0.371
2018-04-21 23:11:58, 0.015106, 246.020392, 0, 0.371
2018-04-21 23:12:28, 0.015492, 246.466556, 0, 0.371
2018-04-21 23:12:59, 0.015228, 246.401345, 0, 0.371
2018-04-21 23:13:30, 0.015435, 246.653486, 0, 0.371
2018-04-21 23:14:01, 0.015526, 246.480632, 0, 0.371
2018-04-21 23:14:31, 0.015422, 246.386923, 0, 0.371
2018-04-21 23:15:02, 0.015648, 246.416507, 0, 0.371
2018-04-21 23:15:33, 0.015221, 246.449534, 0, 0.371
2018-04-21 23:16:04, 0.015709, 246.608027, 0, 0.371
2018-04-21 23:16:34, 0.015651, 246.655288, 0, 0.371
2018-04-21 23:17:05, 0.015258, 246.4071, 0, 0.371
2018-04-21 23:17:36, 0.015364, 246.482566, 0, 0.371
2018-04-21 23:18:07, 0.015412, 246.394211, 0, 0.371
2018-04-21 23:18:37, 0.01515, 246.181564, 0, 0.371
2018-04-21 23:19:08, 0.015491, 246.090183, 0, 0.371
2018-04-21 23:19:39, 0.015327, 246.187875, 0, 0.371
2018-04-21 23:20:10, 0.014965, 246.350675, 0, 0.371
2018-04-21 23:20:40, 0.015186, 246.400766, 0, 0.371
2018-04-21 23:21:11, 0.015764, 246.632917, 0, 0.371
2018-04-21 23:21:42, 0.015662, 246.718921, 0, 0.371
2018-04-21 23:22:13, 0.015641, 246.676145, 0, 0.371
2018-04-21 23:22:44, 0.015309, 246.769127, 0, 0.371
2018-04-21 23:23:14, 0.015598, 246.623111, 0, 0.371
2018-04-21 23:23:45, 0.015534, 246.799757, 0, 0.371
2018-04-21 23:24:16, 0.015336, 246.644114, 0, 0.371
2018-04-21 23:24:47, 0.015636, 246.870269, 0, 0.371
2018-04-21 23:25:17, 0.01543, 246.792714, 0, 0.371
2018-04-21 23:25:48, 0.015381, 246.981383, 0, 0.371
2018-04-21 23:26:19, 0.01538, 246.655534, 0, 0.371
2018-04-21 23:26:50, 0.015158, 246.757523, 0, 0.371
2018-04-21 23:27:20, 0.015346, 246.672223, 0, 0.371
2018-04-21 23:27:51, 0.015193, 246.89013, 0, 0.371
2018-04-21 23:28:22, 0.015187, 246.931099, 0, 0.371
2018-04-21 23:28:53, 0.015456, 246.915955, 0, 0.371
2018-04-21 23:29:23, 0.01558, 247.046853, 0, 0.371
2018-04-21 23:29:54, 0.015206, 247.057933, 0, 0.371
2018-04-21 23:30:25, 0.015236, 247.280033, 0, 0.371
2018-04-21 23:30:56, 0.015186, 247.454473, 0, 0.371
2018-04-21 23:31:26, 0.015535, 247.129946, 0, 0.371
2018-04-21 23:31:57, 0.015273, 247.371489, 0, 0.371
2018-04-21 23:32:28, 0.01527, 247.595604, 0, 0.371
2018-04-21 23:32:59, 0.015093, 247.721594, 0, 0.371
2018-04-21 23:33:29, 0.015459, 247.526659, 0, 0.371
2018-04-21 23:34:00, 0.015354, 247.585725, 0, 0.371
2018-04-21 23:34:31, 0.015548, 247.370988, 0, 0.371
2018-04-21 23:35:02, 0.01491, 247.481258, 0, 0.371
2018-04-21 23:35:32, 0.01556, 247.417205, 0, 0.371
2018-04-21 23:36:03, 0.015581, 247.564639, 0, 0.371
2018-04-21 23:36:34, 0.015256, 247.745756, 0, 0.371
2018-04-21 23:37:05, 0.015335, 247.715739, 0, 0.371
2018-04-21 23:37:35, 0.015483, 247.571731, 0, 0.371
2018-04-21 23:38:06, 0.015792, 247.299681, 0, 0.371
2018-04-21 23:38:37, 0.015184, 247.390245, 0, 0.371
2018-04-21 23:39:08, 0.01575, 247.25182, 0, 0.371
2018-04-21 23:39:38, 0.359438, 247.128739, 77.458553, 0.372
2018-04-21 23:40:09, 0.359714, 246.880751, 77.635946, 0.372
2018-04-21 23:40:40, 0.363632, 246.749509, 78.635282, 0.373
2018-04-21 23:41:11, 0.368424, 247.379797, 79.964411, 0.374
2018-04-21 23:41:41, 0.37432, 247.268702, 81.599856, 0.374
2018-04-21 23:42:12, 0.386434, 247.244088, 84.971575, 0.375
2018-04-21 23:42:43, 0.380308, 247.43822, 83.306389, 0.376
2018-04-21 23:43:14, 0.377405, 247.316335, 82.50212, 0.376
2018-04-21 23:43:45, 0.377982, 247.74711, 82.847673, 0.377
2018-04-21 23:44:15, 0.372649, 248.046963, 81.423781, 0.378
2018-04-21 23:44:46, 0.370489, 248.135218, 80.908748, 0.379
2018-04-21 23:45:17, 0.368988, 248.067079, 80.473839, 0.379
2018-04-21 23:45:48, 0.368585, 248.062251, 80.259912, 0.38
2018-04-21 23:46:18, 0.368639, 247.635073, 80.095642, 0.381
2018-04-21 23:46:49, 0.366752, 247.486713, 79.502398, 0.381
2018-04-21 23:47:20, 0.364258, 247.140079, 78.82626, 0.382
2018-04-21 23:47:51, 0.363959, 247.520171, 78.643064, 0.383
2018-04-21 23:48:22, 0.36295, 247.461159, 78.455581, 0.383
2018-04-21 23:48:52, 0.362267, 247.380066, 78.147155, 0.384
2018-04-21 23:49:23, 0.361253, 247.536311, 78.014473, 0.385
2018-04-21 23:49:54, 0.360347, 247.432538, 77.714949, 0.385
2018-04-21 23:50:25, 0.359383, 247.38663, 77.322706, 0.386
2018-04-21 23:50:55, 0.358997, 247.251686, 77.302856, 0.387
2018-04-21 23:51:26, 0.358831, 247.46816, 77.265136, 0.387
2018-04-21 23:51:57, 0.357448, 247.204347, 76.786109, 0.388
2018-04-21 23:52:28, 0.356421, 247.468282, 76.534461, 0.389
2018-04-21 23:52:59, 0.355641, 247.601151, 76.387996, 0.389
2018-04-21 23:53:29, 0.35617, 247.435043, 76.398416, 0.39
2018-04-21 23:54:00, 0.354441, 246.892232, 75.945108, 0.391
2018-04-21 23:54:31, 0.353966, 247.489714, 75.90376, 0.391
2018-04-21 23:55:02, 0.353994, 247.434267, 75.791719, 0.392
2018-04-21 23:55:33, 0.352057, 247.538532, 75.434163, 0.393
2018-04-21 23:56:03, 0.352675, 247.701634, 75.51488, 0.393
2018-04-21 23:56:34, 0.352057, 247.802226, 75.429745, 0.394
2018-04-21 23:57:05, 0.350844, 247.800344, 75.0925, 0.395
2018-04-21 23:57:36, 0.350844, 248.263854, 75.274509, 0.395
2018-04-21 23:58:06, 0.350194, 248.288359, 75.068166, 0.396
2018-04-21 23:58:37, 0.349939, 248.172187, 75.025434, 0.397
2018-04-21 23:59:08, 0.349259, 247.820765, 74.59514, 0.397
2018-04-21 23:59:39, 0.348606, 247.761957, 74.511785, 0.398
2018-04-22 00:00:10, 0.348919, 247.458138, 74.506444, 0.399
2018-04-22 00:00:40, 0.34761, 247.107507, 74.058609, 0.399
2018-04-22 00:01:11, 0.347638, 247.17667, 74.070677, 0.4
2018-04-22 00:01:42, 0.347781, 247.213378, 73.995499, 0.401
2018-04-22 00:02:13, 0.346468, 247.411675, 73.825294, 0.401
2018-04-22 00:02:44, 0.346124, 247.397148, 73.792058, 0.402
2018-04-22 00:03:14, 0.346239, 247.660564, 73.829713, 0.403
2018-04-22 00:03:45, 0.345408, 247.561152, 73.524847, 0.403
2018-04-22 00:04:16, 0.345809, 247.580032, 73.597651, 0.404
2018-04-22 00:04:47, 0.345895, 247.568716, 73.619347, 0.404
2018-04-22 00:05:17, 0.344229, 247.472525, 73.2122, 0.405
2018-04-22 00:05:48, 0.343884, 247.402355, 73.145134, 0.406
2018-04-22 00:06:19, 0.344345, 247.692967, 73.377789, 0.406
2018-04-22 00:06:50, 0.343278, 247.556782, 73.080573, 0.407
2018-04-22 00:07:21, 0.343653, 247.637031, 73.269705, 0.408
2018-04-22 00:07:51, 0.341252, 247.463893, 72.606624, 0.408
2018-04-22 00:08:22, 0.341861, 247.600157, 72.724337, 0.409
2018-04-22 00:08:53, 0.342006, 247.452537, 72.611966, 0.41
2018-04-22 00:09:24, 0.341832, 247.411685, 72.628518, 0.41
2018-04-22 00:09:55, 0.341164, 247.38198, 72.517928, 0.411
2018-04-22 00:10:25, 0.341832, 247.344537, 72.712203, 0.411
2018-04-22 00:10:56, 0.340816, 247.337083, 72.306309, 0.412
2018-04-22 00:11:27, 0.341745, 247.506616, 72.632607, 0.413
2018-04-22 00:11:58, 0.34067, 247.801657, 72.423362, 0.413
2018-04-22 00:12:28, 0.339913, 247.968053, 72.230208, 0.414
2018-04-22 00:12:59, 0.340292, 247.865905, 72.331896, 0.415
2018-04-22 00:13:30, 0.340292, 248.034734, 72.197367, 0.415
2018-04-22 00:14:01, 0.340234, 248.015073, 72.166703, 0.416
2018-04-22 00:14:32, 0.33895, 248.157521, 71.888084, 0.416
2018-04-22 00:15:02, 0.340088, 248.114811, 72.06818, 0.417
2018-04-22 00:15:33, 0.339417, 248.177035, 72.046748, 0.418
2018-04-22 00:16:04, 0.340408, 248.133894, 72.215502, 0.418
2018-04-22 00:16:35, 0.339154, 247.994482, 71.849703, 0.419
2018-04-22 00:17:05, 0.338774, 248.058936, 71.686093, 0.42
2018-04-22 00:17:36, 0.339388, 248.06417, 71.96036, 0.42
2018-04-22 00:18:07, 0.338833, 248.309341, 71.909977, 0.421
2018-04-22 00:18:38, 0.337896, 248.372885, 71.675146, 0.421
2018-04-22 00:19:09, 0.338365, 248.307008, 71.712009, 0.422
2018-04-22 00:19:39, 0.338218, 248.181761, 71.634062, 0.423
2018-04-22 00:20:10, 0.337837, 248.0682, 71.451196, 0.423
2018-04-22 00:20:41, 0.335423, 247.379958, 71.249667, 0.424
2018-04-22 00:21:12, 0.337896, 247.952953, 71.559939, 0.425
2018-04-22 00:21:42, 0.336338, 247.910278, 71.094299, 0.425
2018-04-22 00:22:13, 0.336308, 247.836291, 71.130503, 0.426
2018-04-22 00:22:44, 0.336014, 247.971174, 71.024199, 0.426
2018-04-22 00:23:15, 0.336102, 247.884935, 70.977642, 0.427
2018-04-22 00:23:46, 0.335807, 247.905349, 71.044642, 0.428
2018-04-22 00:24:16, 0.336191, 247.956233, 71.056776, 0.428
2018-04-22 00:24:47, 0.335689, 248.392558, 71.075835, 0.429
2018-04-22 00:25:18, 0.335866, 248.364803, 71.105444, 0.43
2018-04-22 00:25:49, 0.335984, 248.474223, 71.171192, 0.43
2018-04-22 00:26:19, 0.335512, 248.447981, 70.988523, 0.431
2018-04-22 00:26:50, 0.33563, 247.955119, 70.956144, 0.431
2018-04-22 00:27:21, 0.335571, 248.096972, 70.766155, 0.432
2018-04-22 00:27:52, 0.335837, 248.060298, 70.807503, 0.433
2018-04-22 00:28:22, 0.335984, 248.104824, 70.876877, 0.433
2018-04-22 00:28:53, 0.335837, 247.724854, 70.731402, 0.434
2018-04-22 00:29:24, 0.33563, 248.014148, 70.762264, 0.434
2018-04-22 00:29:55, 0.334328, 247.880339, 70.674689, 0.435
2018-04-22 00:30:26, 0.334328, 247.748868, 70.464653, 0.436
2018-04-22 00:30:56, 0.33495, 247.45543, 70.532313, 0.436
2018-04-22 00:31:27, 0.334891, 247.409749, 70.457597, 0.437
2018-04-22 00:31:58, 0.334447, 247.676936, 70.444738, 0.438
2018-04-22 00:32:29, 0.334032, 247.222458, 70.240043, 0.438
2018-04-22 00:33:00, 0.334002, 247.321899, 70.266487, 0.439
2018-04-22 00:33:30, 0.333824, 247.195162, 70.10657, 0.439
2018-04-22 00:34:01, 0.333081, 247.309049, 69.935639, 0.44
2018-04-22 00:34:32, 0.335276, 247.587384, 70.592191, 0.441
2018-04-22 00:35:03, 0.332545, 247.471009, 69.916317, 0.441
2018-04-22 00:35:33, 0.333616, 247.292368, 70.068717, 0.442
2018-04-22 00:36:04, 0.334714, 247.397732, 70.329795, 0.442
2018-04-22 00:36:35, 0.332486, 247.370577, 69.797022, 0.443
2018-04-22 00:37:06, 0.332813, 247.303491, 70.031326, 0.444
2018-04-22 00:37:36, 0.332813, 247.373279, 69.998288, 0.444
2018-04-22 00:38:07, 0.332277, 247.491586, 69.907019, 0.445
2018-04-22 00:38:38, 0.333111, 247.728869, 70.073004, 0.445
2018-04-22 00:39:09, 0.332158, 247.745486, 69.94164, 0.446
2018-04-22 00:39:40, 0.331381, 247.885745, 69.748157, 0.447
2018-04-22 00:40:10, 0.333349, 247.615953, 70.2684, 0.447
2018-04-22 00:40:41, 0.331949, 247.229818, 69.884004, 0.448
2018-04-22 00:41:12, 0.331112, 247.46979, 69.802364, 0.448
2018-04-22 00:41:43, 0.330962, 247.483314, 69.690521, 0.449
2018-04-22 00:42:14, 0.331829, 247.519401, 69.911042, 0.45
2018-04-22 00:42:44, 0.332426, 247.58721, 70.038119, 0.45
2018-04-22 00:43:15, 0.330693, 247.551914, 69.544715, 0.451
2018-04-22 00:43:46, 0.331232, 247.716663, 69.806518, 0.452
2018-04-22 00:44:17, 0.331052, 247.734985, 69.723625, 0.452
2018-04-22 00:44:48, 0.332188, 247.840204, 70.134597, 0.453
2018-04-22 00:45:18, 0.331949, 247.450211, 69.860528, 0.453
2018-04-22 00:45:49, 0.330273, 247.477639, 69.532845, 0.454
2018-04-22 00:46:20, 0.330783, 247.722231, 69.749344, 0.455
2018-04-22 00:46:51, 0.331052, 247.314708, 69.669748, 0.455
2018-04-22 00:47:21, 0.330543, 247.411987, 69.58758, 0.456
2018-04-22 00:47:52, 0.332009, 247.75946, 70.03924, 0.456
2018-04-22 00:48:23, 0.329612, 247.455061, 69.30718, 0.457
2018-04-22 00:48:54, 0.331082, 247.390357, 69.577688, 0.458
2018-04-22 00:49:25, 0.330783, 247.167481, 69.520579, 0.458
2018-04-22 00:49:55, 0.329311, 247.218194, 69.124907, 0.459
2018-04-22 00:50:26, 0.329702, 247.384896, 69.339098, 0.459
2018-04-22 00:50:57, 0.330063, 247.350044, 69.360134, 0.46
2018-04-22 00:51:28, 0.329763, 247.222194, 69.359805, 0.461
2018-04-22 00:51:58, 0.329793, 247.774343, 69.395547, 0.461
2018-04-22 00:52:29, 0.329462, 247.837192, 69.237278, 0.462
2018-04-22 00:53:00, 0.330872, 247.920345, 69.629719, 0.462
2018-04-22 00:53:31, 0.329913, 247.915453, 69.427003, 0.463
2018-04-22 00:54:02, 0.330363, 247.92317, 69.547683, 0.464
2018-04-22 00:54:32, 0.3288, 247.866295, 68.993742, 0.464
2018-04-22 00:55:03, 0.329311, 247.882876, 69.203712, 0.465
2018-04-22 00:55:34, 0.330513, 247.812582, 69.48332, 0.465
2018-04-22 00:56:05, 0.330183, 247.646831, 69.349187, 0.466
2018-04-22 00:56:35, 0.015456, 247.716162, 0, 0.466
2018-04-22 00:57:06, 0.015225, 247.773457, 0, 0.466
2018-04-22 00:57:37, 0.015299, 248.230377, 0, 0.466
2018-04-22 00:58:08, 0.015303, 248.200874, 0, 0.466
2018-04-22 00:58:38, 0.015309, 248.288468, 0, 0.466
2018-04-22 00:59:09, 0.015135, 248.395585, 0, 0.466
2018-04-22 00:59:40, 0.015556, 248.057181, 0, 0.466
2018-04-22 01:00:11, 0.015315, 248.043991, 0, 0.466
2018-04-22 01:00:41, 0.015324, 248.02496, 0, 0.466
2018-04-22 01:01:12, 0.015752, 248.003802, 0, 0.466
2018-04-22 01:01:43, 0.015296, 248.170336, 0, 0.466
2018-04-22 01:02:14, 0.015458, 248.238693, 0, 0.466
2018-04-22 01:02:44, 0.015157, 248.152108, 0, 0.466
2018-04-22 01:03:15, 0.015232, 247.597025, 0, 0.466
2018-04-22 01:03:46, 0.015781, 248.106624, 0, 0.466
2018-04-22 01:04:17, 0.015146, 248.093196, 0, 0.466
2018-04-22 01:04:47, 0.015625, 248.110647, 0, 0.466
2018-04-22 01:05:18, 0.01569, 247.851917, 0, 0.466
2018-04-22 01:05:49, 0.015211, 247.892032, 0, 0.466
2018-04-22 01:06:20, 0.015406, 247.986195, 0, 0.466
2018-04-22 01:06:50, 0.015463, 248.011252, 0, 0.466
2018-04-22 01:07:21, 0.015153, 247.738341, 0, 0.466
2018-04-22 01:07:52, 0.015444, 247.698254, 0, 0.466
2018-04-22 01:08:23, 0.01513, 248.128005, 0, 0.466
2018-04-22 01:08:53, 0.015437, 248.098361, 0, 0.466
2018-04-22 01:09:24, 0.015543, 247.747842, 0, 0.466
2018-04-22 01:09:55, 0.015294, 247.960314, 0, 0.466
2018-04-22 01:10:26, 0.015619, 248.033676, 0, 0.466
2018-04-22 01:10:56, 0.015198, 247.850657, 0, 0.466
2018-04-22 01:11:27, 0.015555, 247.915152, 0, 0.466
2018-04-22 01:11:58, 0.014915, 248.348646, 0, 0.466
2018-04-22 01:12:29, 0.015898, 248.181939, 0, 0.466
2018-04-22 01:12:59, 0.015037, 248.334417, 0, 0.466
2018-04-22 01:13:30, 0.015844, 248.169999, 0, 0.466
2018-04-22 01:14:01, 0.01575, 248.14537, 0, 0.466
2018-04-22 01:14:32, 0.015566, 248.382088, 0, 0.466
2018-04-22 01:15:02, 0.015156, 248.396649, 0, 0.466
2018-04-22 01:15:33, 0.015322, 248.543167, 0, 0.466
2018-04-22 01:16:04, 0.015555, 248.496018, 0, 0.466
2018-04-22 01:16:35, 0.015532, 248.239458, 0, 0.466
2018-04-22 01:17:05, 0.015566, 248.288724, 0, 0.466
2018-04-22 01:17:36, 0.015275, 248.321714, 0, 0.466
2018-04-22 01:18:07, 0.015348, 248.31977, 0, 0.466
2018-04-22 01:18:38, 0.015358, 248.356236, 0, 0.466
2018-04-22 01:19:08, 0.015807, 248.340165, 0, 0.466
2018-04-22 01:19:39, 0.015078, 248.100193, 0, 0.466
2018-04-22 01:20:10, 0.015672, 248.138237, 0, 0.466
2018-04-22 01:20:41, 0.015088, 248.007328, 0, 0.466
2018-04-22 01:21:11, 0.015196, 248.006037, 0, 0.466
2018-04-22 01:21:42, 0.015648, 247.999485, 0, 0.466
2018-04-22 01:22:13, 0.015647, 248.207526, 0, 0.466
2018-04-22 01:22:44, 0.015537, 248.11575, 0, 0.466
2018-04-22 01:23:14, 0.015302, 248.173912, 0, 0.466
2018-04-22 01:23:45, 0.01547, 247.929132, 0, 0.466
2018-04-22 01:24:17, 0.015723, 247.950694, 0, 0.466
2018-04-22 01:24:48, 0.015365, 248.107486, 0, 0.466
2018-04-22 01:25:19, 0.015471, 247.946179, 0, 0.466
2018-04-22 01:25:49, 0.014823, 247.977301, 0, 0.466
2018-04-22 01:26:20, 0.015073, 247.979502, 0, 0.466
2018-04-22 01:26:51, 0.015082, 247.980619, 0, 0.466
2018-04-22 01:27:22, 0.01525, 247.402863, 0, 0.466
2018-04-22 01:27:52, 0.01583, 247.705141, 0, 0.466
2018-04-22 01:28:23, 0.015347, 247.646149, 0, 0.466
2018-04-22 01:28:54, 0.015463, 247.702631, 0, 0.466
2018-04-22 01:29:25, 0.01539, 247.176331, 0, 0.466
2018-04-22 01:29:55, 0.015777, 247.595355, 0, 0.466
2018-04-22 01:30:26, 0.01566, 247.520019, 0, 0.466
2018-04-22 01:30:57, 0.015798, 247.547327, 0, 0.466
2018-04-22 01:31:28, 0.015338, 248.001299, 0, 0.466
2018-04-22 01:31:58, 0.015321, 247.915895, 0, 0.466
2018-04-22 01:32:29, 0.015399, 247.818705, 0, 0.466
2018-04-22 01:33:00, 0.015394, 247.97635, 0, 0.466
2018-04-22 01:33:31, 0.015596, 248.199339, 0, 0.466
2018-04-22 01:34:01, 0.015227, 247.994878, 0, 0.466
2018-04-22 01:34:32, 0.01553, 247.966286, 0, 0.466
2018-04-22 01:35:03, 0.015582, 247.982198, 0, 0.466
2018-04-22 01:35:34, 0.015203, 248.058018, 0, 0.466
2018-04-22 01:36:04, 0.015047, 248.003294, 0, 0.466
2018-04-22 01:36:35, 0.015609, 248.064214, 0, 0.466
2018-04-22 01:37:06, 0.015536, 247.948266, 0, 0.466
2018-04-22 01:37:37, 0.015278, 248.470813, 0, 0.466
2018-04-22 01:38:07, 0.015506, 248.569581, 0, 0.466
2018-04-22 01:38:38, 0.015212, 248.534257, 0, 0.466
2018-04-22 01:39:09, 0.016168, 248.57689, 0, 0.466
2018-04-22 01:39:40, 0.01493, 248.198373, 0, 0.466
2018-04-22 01:40:10, 0.015306, 248.042499, 0, 0.466
2018-04-22 01:40:41, 0.015244, 248.382244, 0, 0.466
2018-04-22 01:41:12, 0.015323, 248.333076, 0, 0.466
2018-04-22 01:41:43, 0.01563, 248.123084, 0, 0.466
2018-04-22 01:42:13, 0.015275, 248.245615, 0, 0.466
2018-04-22 01:42:44, 0.015361, 248.434382, 0, 0.466
2018-04-22 01:43:15, 0.015465, 248.373367, 0, 0.466
2018-04-22 01:43:46, 0.015155, 248.263971, 0, 0.466
2018-04-22 01:44:16, 0.015435, 248.402461, 0, 0.466
2018-04-22 01:44:47, 0.015672, 248.67698, 0, 0.466
2018-04-22 01:45:18, 0.015609, 248.638744, 0, 0.466
2018-04-22 01:45:49, 0.015467, 248.63059, 0, 0.466
2018-04-22 01:46:19, 0.015258, 248.354342, 0, 0.466
2018-04-22 01:46:50, 0.015385, 248.513553, 0, 0.466
2018-04-22 01:47:21, 0.015283, 248.528775, 0, 0.466
2018-04-22 01:47:52, 0.014984, 248.662056, 0, 0.466
2018-04-22 01:48:22, 0.01578, 248.526199, 0, 0.466
2018-04-22 01:48:53, 0.015332, 247.180845, 0, 0.466
2018-04-22 01:49:24, 0.015201, 247.082331, 0, 0.466
2018-04-22 01:49:55, 0.015402, 246.962448, 0, 0.466
2018-04-22 01:50:25, 0.015579, 247.297765, 0, 0.466
2018-04-22 01:50:56, 0.015253, 247.409322, 0, 0.466
2018-04-22 01:51:27, 0.015196, 247.247072, 0, 0.466
2018-04-22 01:51:58, 0.01548, 247.454086, 0, 0.466
2018-04-22 01:52:28, 0.015355, 247.41946, 0, 0.466
2018-04-22 01:52:59, 0.015529, 247.815486, 0, 0.466
2018-04-22 01:53:30, 0.015292, 247.63017, 0, 0.466
2018-04-22 01:54:01, 0.015539, 247.543521, 0, 0.466
2018-04-22 01:54:31, 0.015354, 247.571471, 0, 0.466
2018-04-22 01:55:02, 0.015763, 247.675455, 0, 0.466
2018-04-22 01:55:33, 0.015658, 247.64426, 0, 0.466
2018-04-22 01:56:04, 0.015142, 247.738103, 0, 0.466
2018-04-22 01:56:34, 0.01533, 247.839327, 0, 0.466
2018-04-22 01:57:05, 0.015327, 247.886373, 0, 0.466
2018-04-22 01:57:36, 0.015573, 247.881105, 0, 0.466
2018-04-22 01:58:07, 0.015155, 247.760692, 0, 0.466
2018-04-22 01:58:37, 0.015391, 247.687414, 0, 0.466
2018-04-22 01:59:08, 0.015449, 247.701167, 0, 0.466
2018-04-22 01:59:40, 0.015533, 247.71952, 0, 0.466
2018-04-22 02:00:11, 0.01557, 247.715804, 0, 0.466
2018-04-22 02:00:42, 0.015546, 247.679179, 0, 0.466
2018-04-22 02:01:12, 0.015334, 247.667739, 0, 0.466
2018-04-22 02:01:43, 0.01505, 247.750363, 0, 0.466
2018-04-22 02:02:14, 0.015386, 247.687951, 0, 0.466
2018-04-22 02:02:45, 0.015564, 247.837138, 0, 0.466
2018-04-22 02:03:15, 0.015705, 247.751602, 0, 0.466
2018-04-22 02:03:46, 0.348236, 247.733622, 74.643017, 0.467
2018-04-22 02:04:17, 0.359962, 248.194289, 77.758605, 0.467
2018-04-22 02:04:48, 0.35908, 248.231994, 77.535182, 0.468
2018-04-22 02:05:19, 0.362977, 248.116668, 78.479783, 0.469
2018-04-22 02:05:49, 0.366482, 248.375394, 79.565573, 0.469
2018-04-22 02:06:20, 0.379029, 248.166948, 83.021901, 0.47
2018-04-22 02:06:51, 0.379395, 248.121931, 83.067469, 0.471
2018-04-22 02:07:22, 0.377851, 247.957714, 82.588244, 0.472
2018-04-22 02:07:52, 0.379656, 247.669121, 83.006272, 0.472
2018-04-22 02:08:23, 0.374691, 247.388507, 81.580665, 0.473
2018-04-22 02:08:54, 0.371957, 247.462824, 80.758723, 0.474
2018-04-22 02:09:25, 0.370328, 247.455739, 80.386659, 0.474
2018-04-22 02:09:56, 0.369605, 247.241797, 80.216388, 0.475
2018-04-22 02:10:26, 0.369337, 247.609862, 80.057196, 0.476
2018-04-22 02:10:57, 0.367831, 247.622615, 79.530424, 0.476
2018-04-22 02:11:28, 0.366293, 247.343396, 79.116947, 0.477
2018-04-22 02:11:59, 0.364611, 247.509862, 78.655396, 0.478
2018-04-22 02:12:29, 0.363605, 247.407546, 78.385679, 0.479
2018-04-22 02:13:00, 0.363032, 247.14231, 78.127767, 0.479
2018-04-22 02:13:31, 0.362403, 247.502723, 77.926172, 0.48
2018-04-22 02:14:02, 0.361226, 247.48547, 77.645179, 0.481
2018-04-22 02:14:33, 0.360484, 247.433664, 77.417733, 0.481
2018-04-22 02:15:03, 0.360017, 247.446681, 77.261245, 0.482
2018-04-22 02:15:34, 0.359356, 247.478868, 77.019489, 0.483
2018-04-22 02:16:05, 0.358057, 247.345538, 76.730912, 0.483
2018-04-22 02:16:36, 0.357254, 247.355315, 76.458096, 0.484
2018-04-22 02:17:06, 0.357004, 247.355568, 76.341307, 0.485
2018-04-22 02:17:37, 0.355669, 247.661764, 76.205064, 0.485
2018-04-22 02:18:08, 0.356031, 247.910708, 76.243576, 0.486
2018-04-22 02:18:39, 0.355056, 247.929348, 76.012701, 0.487
2018-04-22 02:19:10, 0.353209, 246.479138, 75.292776, 0.487
2018-04-22 02:19:40, 0.353882, 246.579754, 75.385627, 0.488
2018-04-22 02:20:11, 0.352647, 246.607209, 75.139717, 0.489
2018-04-22 02:20:42, 0.351888, 246.508899, 74.88286, 0.489
2018-04-22 02:21:13, 0.352141, 246.408736, 74.861955, 0.49
2018-04-22 02:21:43, 0.351522, 246.432181, 74.67322, 0.491
2018-04-22 02:22:14, 0.350392, 246.338036, 74.421836, 0.491
2018-04-22 02:22:45, 0.350618, 246.169652, 74.426914, 0.492
2018-04-22 02:23:16, 0.349656, 246.070508, 74.09778, 0.492
2018-04-22 02:23:47, 0.349599, 246.167497, 74.06151, 0.493
2018-04-22 02:24:17, 0.349288, 246.170852, 74.098176, 0.494
2018-04-22 02:24:48, 0.349061, 246.230262, 73.947623, 0.494
2018-04-22 02:25:19, 0.348606, 246.224685, 73.904297, 0.495
2018-04-22 02:25:50, 0.34761, 246.42685, 73.545026, 0.496
2018-04-22 02:26:20, 0.347439, 246.261405, 73.5139, 0.496
2018-04-22 02:26:51, 0.347695, 246.22225, 73.455077, 0.497
2018-04-22 02:27:22, 0.346925, 246.199133, 73.182723, 0.498
2018-04-22 02:27:53, 0.346753, 246.327299, 73.169006, 0.498
2018-04-22 02:28:24, 0.346639, 246.479223, 73.304458, 0.499
2018-04-22 02:28:54, 0.346382, 246.46084, 73.203627, 0.499
2018-04-22 02:29:25, 0.345551, 246.480355, 72.916765, 0.5
2018-04-22 02:29:56, 0.345637, 246.475745, 73.005198, 0.501
2018-04-22 02:30:27, 0.345092, 246.230061, 72.817781, 0.501
2018-04-22 02:30:58, 0.344661, 246.507384, 72.779467, 0.502
2018-04-22 02:31:28, 0.344057, 246.727994, 72.64573, 0.503
2018-04-22 02:31:59, 0.344114, 246.811565, 72.727238, 0.503
2018-04-22 02:32:30, 0.342787, 246.928619, 72.538964, 0.504
2018-04-22 02:33:01, 0.341629, 246.994565, 72.167164, 0.505
2018-04-22 02:33:31, 0.342527, 247.316517, 72.526962, 0.505
2018-04-22 02:34:02, 0.341861, 247.402407, 72.415976, 0.506
2018-04-22 02:34:33, 0.341977, 247.292229, 72.470645, 0.506
2018-04-22 02:35:04, 0.341164, 247.538782, 72.317388, 0.507
2018-04-22 02:35:35, 0.341977, 247.704842, 72.574311, 0.508
2018-04-22 02:36:05, 0.341194, 247.802706, 72.391378, 0.508
2018-04-22 02:36:36, 0.34035, 248.0063, 72.360516, 0.509
2018-04-22 02:37:07, 0.340816, 248.202201, 72.424945, 0.51
2018-04-22 02:37:38, 0.339767, 248.266291, 72.15747, 0.51
2018-04-22 02:38:08, 0.339826, 248.335756, 72.096207, 0.511
2018-04-22 02:38:39, 0.338423, 248.121874, 71.732321, 0.511
2018-04-22 02:39:10, 0.338833, 247.028551, 71.657143, 0.512
2018-04-22 02:39:41, 0.340263, 247.108461, 72.060662, 0.513
2018-04-22 02:40:12, 0.338599, 247.144288, 71.718472, 0.513
2018-04-22 02:40:42, 0.337954, 247.157863, 71.445986, 0.514
2018-04-22 02:41:13, 0.338101, 245.912303, 71.445986, 0.515
2018-04-22 02:41:44, 0.336868, 245.873834, 71.12714, 0.515
2018-04-22 02:42:15, 0.337221, 246.098555, 71.216232, 0.516
2018-04-22 02:42:46, 0.337456, 245.995907, 71.264175, 0.516
2018-04-22 02:43:16, 0.33725, 245.982232, 71.178775, 0.517
2018-04-22 02:43:47, 0.33675, 245.300314, 70.885978, 0.518
2018-04-22 02:44:18, 0.336573, 245.371845, 70.853203, 0.518
2018-04-22 02:44:49, 0.336544, 245.309736, 70.734897, 0.519
2018-04-22 02:45:20, 0.337338, 245.252077, 70.927919, 0.52
2018-04-22 02:45:50, 0.336838, 245.174814, 70.829727, 0.52
2018-04-22 02:46:21, 0.336632, 245.183999, 70.757187, 0.521
2018-04-22 02:46:52, 0.33566, 245.361866, 70.490108, 0.521
2018-04-22 02:47:23, 0.336721, 245.392428, 70.82023, 0.522
2018-04-22 02:47:53, 0.335246, 245.432531, 70.396993, 0.523
2018-04-22 02:48:24, 0.335276, 245.138531, 70.433197, 0.523
2018-04-22 02:48:55, 0.336014, 245.168136, 70.611843, 0.524
2018-04-22 02:49:26, 0.335896, 245.202152, 70.601688, 0.524
2018-04-22 02:49:57, 0.334714, 245.225437, 70.224744, 0.525
2018-04-22 02:50:27, 0.336043, 244.963326, 70.567264, 0.526
2018-04-22 02:50:58, 0.334269, 245.039723, 70.09193, 0.526
2018-04-22 02:51:29, 0.336102, 245.31011, 70.652597, 0.527
2018-04-22 02:52:00, 0.335778, 245.280999, 70.564824, 0.528
2018-04-22 02:52:30, 0.334714, 245.230907, 70.320233, 0.528
2018-04-22 02:53:01, 0.333349, 245.232463, 69.891324, 0.529
2018-04-22 02:53:32, 0.33498, 245.263973, 70.342918, 0.529
2018-04-22 02:54:03, 0.334091, 245.511656, 70.206411, 0.53
2018-04-22 02:54:34, 0.333646, 245.585389, 70.085269, 0.531
2018-04-22 02:55:04, 0.33421, 245.584006, 70.204037, 0.531
2018-04-22 02:55:35, 0.334091, 245.73905, 70.234636, 0.532
2018-04-22 02:56:06, 0.333527, 245.745231, 70.133673, 0.532
2018-04-22 02:56:37, 0.332694, 245.75222, 69.874508, 0.533
2018-04-22 02:57:08, 0.332873, 245.535557, 69.875893, 0.534
2018-04-22 02:57:38, 0.333646, 245.490532, 70.101624, 0.534
2018-04-22 02:58:09, 0.332903, 245.457832, 69.973426, 0.535
2018-04-22 02:58:40, 0.332813, 245.061102, 69.673111, 0.535
2018-04-22 02:59:11, 0.331949, 245.093892, 69.557443, 0.536
2018-04-22 02:59:41, 0.333913, 245.291268, 70.120023, 0.537
2018-04-22 03:00:12, 0.333319, 245.287432, 69.958259, 0.537
2018-04-22 03:00:43, 0.33323, 245.154531, 69.861187, 0.538
2018-04-22 03:01:14, 0.331919, 245.55129, 69.610793, 0.538
2018-04-22 03:01:45, 0.333081, 244.958642, 69.74941, 0.539
2018-04-22 03:02:15, 0.331979, 244.906472, 69.449952, 0.54
2018-04-22 03:02:46, 0.330753, 244.981664, 69.418826, 0.54
2018-04-22 03:03:17, 0.33168, 244.974049, 69.642117, 0.541
2018-04-22 03:03:48, 0.330573, 246.404362, 69.496509, 0.542
2018-04-22 03:04:18, 0.331441, 246.377229, 69.79544, 0.542
2018-04-22 03:04:49, 0.331142, 246.455078, 69.658603, 0.543
2018-04-22 03:05:20, 0.331142, 246.223514, 69.589558, 0.543
2018-04-22 03:05:51, 0.332456, 246.35896, 69.984571, 0.544
2018-04-22 03:06:22, 0.331082, 246.245426, 69.630115, 0.545
2018-04-22 03:06:52, 0.332098, 246.248856, 69.957204, 0.545
2018-04-22 03:07:23, 0.331321, 246.292167, 69.696456, 0.546
2018-04-22 03:07:54, 0.329763, 246.351042, 69.265569, 0.546
2018-04-22 03:08:25, 0.330453, 246.180273, 69.361915, 0.547
2018-04-22 03:08:56, 0.330902, 245.979389, 69.582964, 0.548
2018-04-22 03:09:26, 0.3318, 246.090901, 69.801441, 0.548
2018-04-22 03:09:57, 0.330273, 245.72934, 69.429839, 0.549
2018-04-22 03:10:28, 0.330513, 246.038255, 69.475934, 0.549
2018-04-22 03:10:59, 0.329462, 245.819765, 69.189138, 0.55
2018-04-22 03:11:29, 0.329642, 245.989298, 69.24717, 0.551
2018-04-22 03:12:00, 0.330843, 245.92776, 69.553222, 0.551
2018-04-22 03:12:31, 0.329281, 246.018322, 69.17285, 0.552
2018-04-22 03:13:02, 0.330363, 245.675683, 69.311467, 0.552
2018-04-22 03:13:32, 0.329432, 245.70275, 69.004095, 0.553
2018-04-22 03:14:03, 0.329793, 245.805856, 69.120423, 0.554
2018-04-22 03:14:34, 0.330962, 245.714683, 69.455359, 0.554
2018-04-22 03:15:05, 0.329161, 245.548304, 69.08013, 0.555
2018-04-22 03:15:36, 0.328558, 245.589664, 68.712749, 0.555
2018-04-22 03:16:06, 0.3288, 245.750714, 68.951405, 0.556
2018-04-22 03:16:37, 0.32895, 246.004687, 68.816217, 0.557
2018-04-22 03:17:08, 0.329281, 246.190296, 69.07136, 0.557
2018-04-22 03:17:39, 0.32886, 246.013686, 69.014119, 0.558
2018-04-22 03:18:10, 0.329101, 245.748032, 68.934127, 0.558
2018-04-22 03:18:40, 0.328287, 245.85508, 68.798346, 0.559
2018-04-22 03:19:11, 0.327652, 245.62843, 68.700153, 0.56
2018-04-22 03:19:42, 0.326228, 245.480227, 68.200288, 0.56
2018-04-22 03:20:13, 0.015452, 245.553487, 0, 0.561
2018-04-22 03:20:43, 0.015399, 245.919361, 0, 0.561
2018-04-22 03:21:14, 0.015765, 245.846752, 0, 0.561
2018-04-22 03:21:45, 0.015315, 245.894942, 0, 0.561
2018-04-22 03:22:16, 0.015519, 246.07643, 0, 0.561
2018-04-22 03:22:46, 0.015626, 246.188817, 0, 0.561
2018-04-22 03:23:17, 0.015514, 246.138815, 0, 0.561
2018-04-22 03:23:48, 0.015243, 246.141575, 0, 0.561
2018-04-22 03:24:19, 0.0155, 246.176191, 0, 0.561
2018-04-22 03:24:49, 0.015507, 246.251694, 0, 0.561
2018-04-22 03:25:20, 0.015376, 246.505494, 0, 0.561
2018-04-22 03:25:51, 0.015307, 246.549327, 0, 0.561
2018-04-22 03:26:21, 0.015051, 246.413992, 0, 0.561
2018-04-22 03:26:52, 0.015317, 246.033543, 0, 0.561
2018-04-22 03:27:23, 0.015326, 246.069056, 0, 0.561
2018-04-22 03:27:54, 0.015761, 245.972751, 0, 0.561
2018-04-22 03:28:24, 0.015574, 245.909805, 0, 0.561
2018-04-22 03:28:55, 0.015616, 245.669872, 0, 0.561
2018-04-22 03:29:26, 0.015524, 245.33924, 0, 0.561
2018-04-22 03:29:57, 0.015828, 245.146502, 0, 0.561
2018-04-22 03:30:28, 0.015216, 245.015728, 0, 0.561
2018-04-22 03:30:58, 0.015665, 244.769069, 0, 0.561
2018-04-22 03:31:29, 0.015159, 244.682407, 0, 0.561
2018-04-22 03:32:00, 0.015498, 245.079192, 0, 0.561
2018-04-22 03:32:31, 0.015542, 245.537103, 0, 0.561
2018-04-22 03:33:01, 0.016101, 245.400196, 0, 0.561
2018-04-22 03:33:32, 0.015873, 246.476955, 0, 0.561
2018-04-22 03:34:03, 0.015281, 246.699425, 0, 0.561
2018-04-22 03:34:34, 0.015613, 246.716203, 0, 0.561
2018-04-22 03:35:04, 0.015342, 246.689175, 0, 0.561
2018-04-22 03:35:35, 0.015556, 246.712372, 0, 0.561
2018-04-22 03:36:06, 0.015531, 246.605485, 0, 0.561
2018-04-22 03:36:37, 0.015661, 246.6963, 0, 0.561
2018-04-22 03:37:07, 0.015227, 246.578239, 0, 0.561
2018-04-22 03:37:38, 0.015356, 246.498503, 0, 0.561
2018-04-22 03:38:09, 0.015354, 246.604246, 0, 0.561
2018-04-22 03:38:40, 0.015505, 246.602547, 0, 0.561
2018-04-22 03:39:10, 0.015133, 246.568358, 0, 0.561
2018-04-22 03:39:41, 0.015431, 246.615037, 0, 0.561
2018-04-22 03:40:12, 0.015385, 246.605611, 0, 0.561
2018-04-22 03:40:43, 0.01559, 246.469353, 0, 0.561
2018-04-22 03:41:13, 0.015399, 246.469749, 0, 0.561
2018-04-22 03:41:44, 0.015333, 246.489746, 0, 0.561
2018-04-22 03:42:15, 0.015462, 246.468238, 0, 0.561
2018-04-22 03:42:46, 0.015454, 246.523227, 0, 0.561
2018-04-22 03:43:16, 0.01498, 246.524279, 0, 0.561
2018-04-22 03:43:47, 0.014972, 247.012562, 0, 0.561
2018-04-22 03:44:18, 0.015358, 247.51933, 0, 0.561
2018-04-22 03:44:49, 0.015412, 247.446854, 0, 0.561
2018-04-22 03:45:19, 0.015526, 247.42516, 0, 0.561
2018-04-22 03:45:50, 0.015428, 247.294404, 0, 0.561
2018-04-22 03:46:21, 0.015471, 247.31731, 0, 0.561
2018-04-22 03:46:52, 0.015496, 247.033042, 0, 0.561
2018-04-22 03:47:22, 0.01577, 247.460726, 0, 0.561
2018-04-22 03:47:53, 0.015611, 247.308572, 0, 0.561
2018-04-22 03:48:24, 0.01551, 247.352582, 0, 0.561
2018-04-22 03:48:55, 0.015687, 247.367904, 0, 0.561
2018-04-22 03:49:25, 0.015307, 247.01318, 0, 0.561
2018-04-22 03:49:56, 0.014896, 246.621209, 0, 0.561
2018-04-22 03:50:27, 0.015256, 247.002091, 0, 0.561
2018-04-22 03:50:58, 0.015183, 246.936859, 0, 0.561
2018-04-22 03:51:28, 0.015804, 246.435692, 0, 0.561
2018-04-22 03:51:59, 0.015266, 246.581938, 0, 0.561
2018-04-22 03:52:30, 0.015292, 246.620691, 0, 0.561
2018-04-22 03:53:01, 0.015313, 246.484216, 0, 0.561
2018-04-22 03:53:31, 0.015351, 246.527442, 0, 0.561
2018-04-22 03:54:02, 0.015734, 246.632579, 0, 0.561
2018-04-22 03:54:33, 0.014951, 246.814395, 0, 0.561
2018-04-22 03:55:04, 0.015451, 246.66613, 0, 0.561
2018-04-22 03:55:34, 0.015787, 246.815184, 0, 0.561
2018-04-22 03:56:05, 0.015428, 246.182946, 0, 0.561
2018-04-22 03:56:36, 0.015214, 246.769297, 0, 0.561
2018-04-22 03:57:07, 0.015542, 246.851286, 0, 0.561
2018-04-22 03:57:37, 0.015649, 246.848831, 0, 0.561
2018-04-22 03:58:08, 0.015212, 246.895804, 0, 0.561
2018-04-22 03:58:39, 0.015829, 246.919471, 0, 0.561
2018-04-22 03:59:10, 0.015566, 246.829177, 0, 0.561
2018-04-22 03:59:40, 0.014972, 246.649955, 0, 0.561
2018-04-22 04:00:11, 0.015273, 246.442879, 0, 0.561
2018-04-22 04:00:42, 0.015527, 246.45176, 0, 0.561
2018-04-22 04:01:13, 0.015667, 246.651061, 0, 0.561
2018-04-22 04:01:43, 0.015272, 246.718016, 0, 0.561
2018-04-22 04:02:14, 0.015368, 246.593588, 0, 0.561
2018-04-22 04:02:45, 0.015472, 246.738409, 0, 0.561
2018-04-22 04:03:16, 0.015065, 246.587499, 0, 0.561
2018-04-22 04:03:46, 0.015411, 246.627915, 0, 0.561
2018-04-22 04:04:17, 0.015668, 246.72605, 0, 0.561
2018-04-22 04:04:48, 0.015034, 247.058667, 0, 0.561
2018-04-22 04:05:19, 0.015567, 247.180165, 0, 0.561
2018-04-22 04:05:49, 0.015373, 247.223469, 0, 0.561
2018-04-22 04:06:20, 0.01553, 246.793898, 0, 0.561
2018-04-22 04:06:51, 0.014956, 246.83754, 0, 0.561
2018-04-22 04:07:22, 0.015665, 246.932104, 0, 0.561
2018-04-22 04:07:52, 0.015035, 246.789096, 0, 0.561
2018-04-22 04:08:23, 0.015302, 246.85691, 0, 0.561
2018-04-22 04:08:54, 0.015437, 246.851915, 0, 0.561
2018-04-22 04:09:25, 0.015537, 246.606406, 0, 0.561
2018-04-22 04:09:55, 0.015642, 246.510938, 0, 0.561
2018-04-22 04:10:26, 0.015202, 246.505815, 0, 0.561
2018-04-22 04:10:57, 0.015379, 246.7075, 0, 0.561
2018-04-22 04:11:28, 0.015388, 246.483883, 0, 0.561
2018-04-22 04:11:58, 0.015857, 246.325573, 0, 0.561
2018-04-22 04:12:29, 0.015466, 246.611736, 0, 0.561
2018-04-22 04:13:00, 0.015255, 246.750772, 0, 0.561
2018-04-22 04:13:31, 0.015681, 246.842574, 0, 0.561
2018-04-22 04:14:01, 0.015553, 247.016027, 0, 0.561
2018-04-22 04:14:32, 0.014976, 247.363457, 0, 0.561
2018-04-22 04:15:03, 0.015115, 247.106693, 0, 0.561
2018-04-22 04:15:34, 0.01522, 247.010091, 0, 0.561
2018-04-22 04:16:04, 0.015211, 246.860384, 0, 0.561
2018-04-22 04:16:35, 0.015533, 246.960624, 0, 0.561
2018-04-22 04:17:06, 0.015216, 246.478738, 0, 0.561
2018-04-22 04:17:37, 0.015141, 246.244917, 0, 0.561
2018-04-22 04:18:07, 0.015521, 246.31041, 0, 0.561
2018-04-22 04:18:38, 0.015395, 246.288016, 0, 0.561
2018-04-22 04:19:09, 0.015061, 246.606829, 0, 0.561
2018-04-22 04:19:40, 0.01579, 246.695474, 0, 0.561
2018-04-22 04:20:10, 0.015705, 246.615365, 0, 0.561
2018-04-22 04:20:41, 0.015344, 246.646131, 0, 0.561
2018-04-22 04:21:12, 0.015368, 246.59204, 0, 0.561
2018-04-22 04:21:43, 0.015143, 246.482179, 0, 0.561
2018-04-22 04:22:13, 0.014994, 246.586337, 0, 0.561
2018-04-22 04:22:44, 0.015158, 246.681762, 0, 0.561
2018-04-22 04:23:15, 0.015144, 246.761373, 0, 0.561
2018-04-22 04:23:45, 0.015461, 246.665291, 0, 0.561
2018-04-22 04:24:16, 0.015256, 246.749305, 0, 0.561
2018-04-22 04:24:47, 0.016096, 246.861971, 0, 0.561
2018-04-22 04:25:18, 0.015111, 246.840721, 0, 0.561
2018-04-22 04:25:48, 0.015475, 246.846954, 0, 0.561
2018-04-22 04:26:19, 0.015526, 246.995167, 0, 0.561
2018-04-22 04:26:50, 0.015431, 246.946392, 0, 0.561
2018-04-22 04:27:21, 0.015662, 246.999169, 0, 0.561
2018-04-22 04:27:51, 0.353461, 246.832491, 75.727554, 0.561
2018-04-22 04:28:22, 0.360484, 246.893827, 77.588202, 0.562
2018-04-22 04:28:53, 0.360594, 247.004924, 77.533929, 0.562
2018-04-22 04:29:24, 0.362294, 246.781695, 77.891616, 0.563
2018-04-22 04:29:55, 0.371077, 246.484029, 80.386857, 0.564
2018-04-22 04:30:25, 0.379969, 245.867272, 82.830726, 0.565
2018-04-22 04:30:56, 0.377274, 246.49894, 82.141992, 0.565
2018-04-22 04:31:27, 0.376459, 246.659047, 81.969018, 0.566
2018-04-22 04:31:58, 0.376222, 246.527637, 81.891202, 0.567
2018-04-22 04:32:29, 0.373711, 247.073955, 81.390677, 0.567
2018-04-22 04:32:59, 0.370435, 247.101306, 80.497315, 0.568
2018-04-22 04:33:30, 0.368881, 247.051441, 80.123471, 0.569
2018-04-22 04:34:01, 0.368612, 247.126196, 80.044666, 0.57
2018-04-22 04:34:32, 0.367535, 247.157673, 79.871428, 0.57
2018-04-22 04:35:02, 0.365941, 247.447072, 79.421681, 0.571
2018-04-22 04:35:33, 0.364285, 247.474864, 78.889304, 0.572
2018-04-22 04:36:04, 0.363168, 247.580526, 78.695358, 0.572
2018-04-22 04:36:35, 0.36202, 247.611583, 78.329955, 0.573
2018-04-22 04:37:06, 0.361089, 247.572598, 78.07844, 0.574
2018-04-22 04:37:36, 0.360539, 247.622446, 77.98849, 0.574
2018-04-22 04:38:07, 0.359989, 247.69006, 77.752867, 0.575
2018-04-22 04:38:38, 0.358969, 247.610091, 77.495219, 0.576
2018-04-22 04:39:09, 0.358279, 247.701211, 77.317101, 0.576
2018-04-22 04:39:39, 0.357309, 247.574581, 77.065321, 0.577
2018-04-22 04:40:10, 0.356421, 247.623212, 76.913119, 0.578
2018-04-22 04:40:41, 0.355139, 247.484492, 76.452821, 0.578
2018-04-22 04:41:12, 0.354804, 247.589545, 76.363333, 0.579
2018-04-22 04:41:43, 0.354665, 247.681535, 76.22953, 0.58
2018-04-22 04:42:13, 0.353714, 247.720567, 76.095925, 0.58
2018-04-22 04:42:44, 0.353489, 247.679436, 76.063809, 0.581
2018-04-22 04:43:15, 0.352563, 247.773077, 75.832077, 0.582
2018-04-22 04:43:45, 0.351493, 247.825945, 75.617425, 0.582
2018-04-22 04:44:16, 0.351747, 247.944541, 75.582144, 0.583
2018-04-22 04:44:47, 0.350251, 247.846194, 75.209817, 0.584
2018-04-22 04:45:18, 0.349202, 247.923736, 75.000638, 0.584
2018-04-22 04:45:49, 0.350024, 247.88725, 75.105953, 0.585
2018-04-22 04:46:19, 0.349202, 247.897133, 74.91603, 0.586
2018-04-22 04:46:50, 0.348748, 247.599291, 74.687068, 0.586
2018-04-22 04:47:21, 0.348179, 247.623185, 74.396513, 0.587
2018-04-22 04:47:52, 0.34872, 247.458165, 74.445246, 0.588
2018-04-22 04:48:22, 0.34761, 247.396971, 74.232045, 0.588
2018-04-22 04:48:53, 0.347695, 247.409073, 74.183114, 0.589
2018-04-22 04:49:24, 0.347638, 247.45197, 74.140381, 0.589
2018-04-22 04:49:55, 0.346353, 246.85006, 73.699734, 0.59
2018-04-22 04:50:26, 0.345866, 247.316971, 73.713517, 0.591
2018-04-22 04:50:56, 0.345465, 247.077969, 73.697756, 0.591
2018-04-22 04:51:27, 0.345178, 246.956185, 73.525507, 0.592
2018-04-22 04:51:58, 0.343769, 246.835635, 73.22407, 0.593
2018-04-22 04:52:29, 0.344661, 246.817752, 73.412608, 0.593
2018-04-22 04:53:00, 0.345522, 246.917319, 73.585913, 0.594
2018-04-22 04:53:30, 0.343682, 247.181023, 73.134912, 0.595
2018-04-22 04:54:01, 0.34348, 247.444544, 73.201847, 0.595
2018-04-22 04:54:32, 0.343192, 247.265788, 73.001373, 0.596
2018-04-22 04:55:03, 0.342816, 247.616442, 72.978358, 0.596
2018-04-22 04:55:33, 0.341687, 247.854894, 72.637882, 0.597
2018-04-22 04:56:04, 0.341513, 247.888223, 72.605305, 0.598
2018-04-22 04:56:35, 0.340787, 247.694665, 72.430088, 0.598
2018-04-22 04:57:06, 0.342556, 247.597244, 72.915644, 0.599
2018-04-22 04:57:37, 0.341106, 247.614847, 72.424153, 0.6
2018-04-22 04:58:07, 0.340525, 247.497647, 72.239374, 0.6
2018-04-22 04:58:38, 0.341455, 247.31251, 72.448025, 0.601
2018-04-22 04:59:09, 0.340554, 247.513517, 72.284217, 0.602
2018-04-22 04:59:40, 0.340263, 247.23019, 72.050375, 0.602
2018-04-22 05:00:11, 0.340234, 247.457602, 72.102208, 0.603
2018-04-22 05:00:41, 0.340059, 247.671497, 72.163669, 0.603
2018-04-22 05:01:12, 0.338862, 247.410613, 71.738058, 0.604
2018-04-22 05:01:43, 0.339038, 247.725977, 71.902657, 0.605
2018-04-22 05:02:14, 0.338716, 247.569966, 71.57913, 0.605
2018-04-22 05:02:44, 0.339417, 247.430082, 71.701788, 0.606
2018-04-22 05:03:15, 0.34003, 247.352826, 71.746037, 0.607
2018-04-22 05:03:46, 0.340059, 247.020654, 71.66044, 0.607
2018-04-22 05:04:17, 0.3393, 246.919979, 71.546157, 0.608
2018-04-22 05:04:48, 0.33895, 246.837832, 71.308622, 0.608
2018-04-22 05:05:18, 0.338862, 246.715415, 71.264306, 0.609
2018-04-22 05:05:49, 0.338657, 246.684263, 71.058689, 0.61
2018-04-22 05:06:20, 0.339125, 246.614913, 71.247424, 0.61
2018-04-22 05:06:51, 0.337808, 246.554128, 70.775717, 0.611
2018-04-22 05:07:21, 0.338979, 246.364572, 71.037718, 0.612
2018-04-22 05:07:52, 0.338101, 246.565961, 70.936162, 0.612
2018-04-22 05:08:23, 0.338306, 246.490882, 70.999206, 0.613
2018-04-22 05:08:54, 0.337514, 246.445361, 70.804865, 0.613
2018-04-22 05:09:25, 0.337191, 246.429215, 70.615866, 0.614
2018-04-22 05:09:55, 0.336985, 246.572665, 70.75844, 0.615
2018-04-22 05:10:26, 0.337661, 246.300684, 70.764507, 0.615
2018-04-22 05:10:57, 0.336985, 246.396798, 70.671062, 0.616
2018-04-22 05:11:28, 0.334714, 246.102978, 69.916383, 0.616
2018-04-22 05:11:58, 0.337984, 246.064172, 70.6737, 0.617
2018-04-22 05:12:29, 0.336249, 245.737642, 70.235625, 0.618
2018-04-22 05:13:00, 0.337191, 247.036976, 70.653916, 0.618
2018-04-22 05:13:31, 0.337309, 247.384225, 70.725797, 0.619
2018-04-22 05:14:02, 0.336544, 247.45684, 70.444804, 0.619
2018-04-22 05:14:32, 0.336691, 247.133282, 70.365735, 0.62
2018-04-22 05:15:03, 0.337338, 247.121006, 70.706673, 0.621
2018-04-22 05:15:34, 0.335748, 247.313061, 70.205884, 0.621
2018-04-22 05:16:05, 0.335453, 247.348201, 70.288117, 0.622
2018-04-22 05:16:35, 0.336161, 247.589824, 70.415722, 0.623
2018-04-22 05:17:06, 0.335039, 247.677549, 70.315551, 0.623
2018-04-22 05:17:37, 0.335157, 247.639591, 70.413282, 0.624
2018-04-22 05:18:08, 0.33424, 247.69515, 70.270774, 0.624
2018-04-22 05:18:39, 0.334773, 247.497924, 70.28449, 0.625
2018-04-22 05:19:09, 0.33418, 247.537005, 70.111516, 0.626
2018-04-22 05:19:40, 0.334891, 247.355941, 70.522685, 0.626
2018-04-22 05:20:11, 0.332605, 247.310371, 69.790362, 0.627
2018-04-22 05:20:42, 0.334002, 247.417523, 70.228635, 0.627
2018-04-22 05:21:12, 0.332992, 247.440422, 69.916449, 0.628
2018-04-22 05:21:43, 0.332784, 247.326565, 69.903128, 0.629
2018-04-22 05:22:14, 0.333111, 247.350118, 69.974745, 0.629
2018-04-22 05:22:45, 0.332575, 247.460278, 69.927462, 0.63
2018-04-22 05:23:16, 0.3318, 247.520685, 69.729428, 0.63
2018-04-22 05:23:46, 0.332128, 247.619863, 69.778162, 0.631
2018-04-22 05:24:17, 0.334032, 247.463312, 70.168493, 0.632
2018-04-22 05:24:48, 0.333111, 247.47959, 69.957863, 0.632
2018-04-22 05:25:19, 0.332903, 247.404181, 69.899699, 0.633
2018-04-22 05:25:49, 0.332307, 247.624391, 69.802957, 0.634
2018-04-22 05:26:20, 0.330303, 247.38603, 69.209779, 0.634
2018-04-22 05:26:51, 0.332724, 247.491067, 69.911372, 0.635
2018-04-22 05:27:22, 0.332754, 247.35148, 69.549002, 0.635
2018-04-22 05:27:53, 0.331321, 247.37426, 69.517084, 0.636
2018-04-22 05:28:23, 0.331321, 247.296222, 69.402603, 0.637
2018-04-22 05:28:54, 0.332516, 247.259882, 69.798605, 0.637
2018-04-22 05:29:25, 0.331142, 247.14223, 69.305136, 0.638
2018-04-22 05:29:56, 0.331172, 247.477889, 69.363695, 0.638
2018-04-22 05:30:27, 0.331262, 247.218451, 69.417903, 0.639
2018-04-22 05:30:57, 0.331501, 247.51558, 69.83837, 0.64
2018-04-22 05:31:28, 0.329552, 247.550014, 69.296299, 0.64
2018-04-22 05:31:59, 0.330243, 247.646307, 69.409198, 0.641
2018-04-22 05:32:30, 0.331052, 247.399793, 69.622399, 0.641
2018-04-22 05:33:00, 0.330003, 247.386035, 69.40201, 0.642
2018-04-22 05:33:31, 0.331321, 247.34167, 69.723164, 0.643
2018-04-22 05:34:02, 0.33174, 247.581767, 69.840414, 0.643
2018-04-22 05:34:33, 0.330153, 247.576994, 69.420738, 0.644
2018-04-22 05:35:04, 0.329943, 247.498231, 69.299531, 0.644
2018-04-22 05:35:34, 0.329612, 247.957198, 69.333624, 0.645
2018-04-22 05:36:05, 0.331112, 247.695546, 69.532384, 0.646
2018-04-22 05:36:36, 0.329793, 247.665347, 69.265964, 0.646
2018-04-22 05:37:07, 0.330932, 247.456957, 69.42819, 0.647
2018-04-22 05:37:38, 0.329943, 247.588622, 69.24051, 0.647
2018-04-22 05:38:08, 0.329823, 247.503431, 69.305334, 0.648
2018-04-22 05:38:39, 0.329883, 247.394902, 69.242818, 0.649
2018-04-22 05:39:10, 0.015428, 247.478583, 0, 0.649
2018-04-22 05:39:41, 0.015797, 247.756164, 0, 0.649
2018-04-22 05:40:11, 0.015339, 247.674064, 0, 0.649
2018-04-22 05:40:42, 0.014972, 247.60952, 0, 0.649
2018-04-22 05:41:13, 0.015343, 247.550048, 0, 0.649
2018-04-22 05:41:44, 0.015297, 247.526395, 0, 0.649
2018-04-22 05:42:14, 0.01542, 247.148947, 0, 0.649
2018-04-22 05:42:45, 0.015409, 246.893201, 0, 0.649
2018-04-22 05:43:16, 0.015184, 246.948554, 0, 0.649
2018-04-22 05:43:47, 0.015811, 246.892207, 0, 0.649
2018-04-22 05:44:17, 0.014963, 246.625501, 0, 0.649
2018-04-22 05:44:48, 0.015105, 246.529601, 0, 0.649
2018-04-22 05:45:19, 0.015282, 246.612236, 0, 0.649
2018-04-22 05:45:50, 0.01568, 246.86954, 0, 0.649
2018-04-22 05:46:20, 0.015147, 247.72649, 0, 0.649
2018-04-22 05:46:51, 0.015211, 248.232283, 0, 0.649
2018-04-22 05:47:22, 0.015362, 248.39437, 0, 0.649
2018-04-22 05:47:53, 0.015147, 248.564843, 0, 0.649
2018-04-22 05:48:23, 0.015141, 248.705031, 0, 0.649
2018-04-22 05:48:54, 0.015134, 248.614489, 0, 0.649
2018-04-22 05:49:25, 0.015334, 248.601109, 0, 0.649
2018-04-22 05:49:56, 0.015437, 248.730882, 0, 0.649
2018-04-22 05:50:26, 0.015361, 248.73946, 0, 0.649
2018-04-22 05:50:57, 0.015371, 248.094508, 0, 0.649
2018-04-22 05:51:28, 0.015127, 248.04692, 0, 0.649
2018-04-22 05:51:58, 0.015374, 248.03293, 0, 0.649
2018-04-22 05:52:29, 0.015605, 248.191336, 0, 0.649
2018-04-22 05:53:00, 0.015742, 247.913396, 0, 0.649
2018-04-22 05:53:31, 0.015716, 247.788502, 0, 0.649
2018-04-22 05:54:01, 0.014865, 248.074434, 0, 0.649
2018-04-22 05:54:32, 0.015554, 247.699142, 0, 0.649
2018-04-22 05:55:03, 0.015554, 247.643219, 0, 0.649
2018-04-22 05:55:34, 0.015305, 247.6243, 0, 0.649
2018-04-22 05:56:04, 0.015627, 247.642671, 0, 0.649
2018-04-22 05:56:35, 0.015462, 248.029288, 0, 0.649
2018-04-22 05:57:06, 0.015174, 248.122498, 0, 0.649
2018-04-22 05:57:37, 0.015136, 248.291315, 0, 0.649
2018-04-22 05:58:07, 0.015236, 248.15786, 0, 0.649
2018-04-22 05:58:38, 0.01554, 248.010294, 0, 0.649
2018-04-22 05:59:09, 0.015201, 247.904831, 0, 0.649
2018-04-22 05:59:40, 0.015694, 248.01431, 0, 0.649
2018-04-22 06:00:10, 0.015003, 248.277033, 0, 0.649
2018-04-22 06:00:41, 0.015573, 248.134179, 0, 0.649
2018-04-22 06:01:12, 0.015345, 248.726226, 0, 0.649
2018-04-22 06:01:43, 0.014915, 248.479742, 0, 0.649
2018-04-22 06:02:13, 0.015304, 248.455479, 0, 0.649
2018-04-22 06:02:44, 0.015385, 248.478554, 0, 0.649
2018-04-22 06:03:15, 0.015337, 248.256839, 0, 0.649
2018-04-22 06:03:46, 0.015483, 248.027057, 0, 0.649
2018-04-22 06:04:16, 0.015606, 247.922855, 0, 0.649
2018-04-22 06:04:47, 0.015169, 247.878277, 0, 0.649
2018-04-22 06:05:18, 0.015151, 247.949637, 0, 0.649
2018-04-22 06:05:49, 0.015926, 247.873959, 0, 0.649
2018-04-22 06:06:19, 0.015036, 247.854473, 0, 0.649
2018-04-22 06:06:50, 0.015348, 248.109096, 0, 0.649
2018-04-22 06:07:21, 0.015091, 247.559258, 0, 0.649
2018-04-22 06:07:52, 0.015177, 247.17575, 0, 0.649
2018-04-22 06:08:22, 0.015184, 246.64778, 0, 0.649
2018-04-22 06:08:53, 0.015345, 246.61103, 0, 0.649
2018-04-22 06:09:24, 0.01542, 246.578029, 0, 0.649
2018-04-22 06:09:55, 0.015586, 247.446515, 0, 0.649
2018-04-22 06:10:25, 0.015382, 247.871284, 0, 0.649
2018-04-22 06:10:56, 0.014877, 247.579866, 0, 0.649
2018-04-22 06:11:27, 0.01513, 247.403982, 0, 0.649
2018-04-22 06:11:58, 0.015219, 247.112926, 0, 0.649
2018-04-22 06:12:28, 0.015675, 247.013617, 0, 0.649
2018-04-22 06:12:59, 0.015278, 247.012545, 0, 0.649
2018-04-22 06:13:30, 0.015793, 247.368739, 0, 0.649
2018-04-22 06:14:01, 0.015731, 247.37561, 0, 0.649
2018-04-22 06:14:31, 0.015428, 247.787311, 0, 0.649
2018-04-22 06:15:02, 0.015217, 247.612253, 0, 0.649
2018-04-22 06:15:33, 0.015035, 247.180026, 0, 0.649
2018-04-22 06:16:04, 0.015385, 246.832485, 0, 0.649
2018-04-22 06:16:34, 0.01527, 247.084867, 0, 0.649
2018-04-22 06:17:05, 0.015663, 247.091099, 0, 0.649
2018-04-22 06:17:36, 0.015754, 247.019011, 0, 0.649
2018-04-22 06:18:07, 0.015852, 247.022873, 0, 0.649
2018-04-22 06:18:37, 0.015479, 246.603172, 0, 0.649
2018-04-22 06:19:08, 0.015469, 246.577923, 0, 0.649
2018-04-22 06:19:39, 0.015185, 246.737876, 0, 0.649
2018-04-22 06:20:10, 0.01584, 246.974515, 0, 0.649
2018-04-22 06:20:40, 0.015206, 246.863557, 0, 0.649
2018-04-22 06:21:11, 0.015228, 246.763832, 0, 0.649
2018-04-22 06:21:42, 0.015598, 246.909737, 0, 0.649
2018-04-22 06:22:12, 0.01592, 246.944958, 0, 0.649
2018-04-22 06:22:43, 0.015537, 246.62676, 0, 0.649
2018-04-22 06:23:14, 0.015208, 246.448236, 0, 0.649
2018-04-22 06:23:45, 0.015489, 246.595041, 0, 0.649
2018-04-22 06:24:16, 0.015232, 246.544982, 0, 0.649
2018-04-22 06:24:46, 0.015107, 246.837262, 0, 0.649
2018-04-22 06:25:17, 0.015313, 246.716663, 0, 0.649
2018-04-22 06:25:48, 0.015312, 247.28481, 0, 0.649
2018-04-22 06:26:19, 0.015909, 247.194165, 0, 0.649
2018-04-22 06:26:49, 0.015595, 247.151945, 0, 0.649
2018-04-22 06:27:20, 0.015497, 247.530645, 0, 0.649
2018-04-22 06:27:51, 0.015375, 247.258615, 0, 0.649
2018-04-22 06:28:22, 0.015504, 246.994641, 0, 0.649
2018-04-22 06:28:52, 0.015785, 246.820237, 0, 0.649
2018-04-22 06:29:23, 0.015867, 246.974594, 0, 0.649
2018-04-22 06:29:54, 0.015472, 246.956012, 0, 0.649
2018-04-22 06:30:25, 0.015174, 246.602164, 0, 0.649
2018-04-22 06:30:55, 0.015377, 246.92039, 0, 0.649
2018-04-22 06:31:26, 0.015538, 246.972198, 0, 0.649
2018-04-22 06:31:57, 0.01518, 246.723969, 0, 0.649
2018-04-22 06:32:28, 0.015379, 246.624342, 0, 0.649
2018-04-22 06:32:58, 0.015391, 246.914954, 0, 0.649
2018-04-22 06:33:29, 0.01558, 246.827433, 0, 0.649
2018-04-22 06:34:00, 0.015048, 246.630202, 0, 0.649
2018-04-22 06:34:31, 0.015513, 247.096743, 0, 0.649
2018-04-22 06:35:01, 0.015592, 246.757368, 0, 0.649
2018-04-22 06:35:32, 0.015528, 247.261296, 0, 0.649
2018-04-22 06:36:03, 0.01513, 247.182677, 0, 0.649
2018-04-22 06:36:34, 0.015243, 247.314638, 0, 0.649
2018-04-22 06:37:04, 0.015615, 247.362734, 0, 0.649
2018-04-22 06:37:35, 0.015387, 247.240176, 0, 0.649
2018-04-22 06:38:06, 0.015734, 246.709093, 0, 0.649
2018-04-22 06:38:37, 0.015201, 246.393957, 0, 0.649
2018-04-22 06:39:07, 0.015402, 246.340006, 0, 0.649
2018-04-22 06:39:38, 0.015416, 246.625222, 0, 0.649
2018-04-22 06:40:09, 0.015319, 246.576932, 0, 0.649
2018-04-22 06:40:40, 0.015389, 246.339153, 0, 0.649
2018-04-22 06:41:10, 0.015686, 246.978677, 0, 0.649
2018-04-22 06:41:41, 0.015376, 246.707496, 0, 0.649
2018-04-22 06:42:12, 0.015566, 247.156909, 0, 0.649
2018-04-22 06:42:43, 0.015105, 247.077964, 0, 0.649
2018-04-22 06:43:13, 0.01572, 246.958949, 0, 0.649
2018-04-22 06:43:44, 0.015381, 246.932211, 0, 0.649
2018-04-22 06:44:15, 0.015281, 247.002191, 0, 0.649
2018-04-22 06:44:46, 0.015235, 246.870511, 0, 0.649
2018-04-22 06:45:16, 0.015393, 246.472932, 0, 0.649
2018-04-22 06:45:47, 0.01539, 246.330005, 0, 0.649
2018-04-22 06:46:18, 0.014959, 246.265407, 0, 0.649
2018-04-22 06:46:49, 0.355446, 245.938276, 76.340384, 0.649
2018-04-22 06:47:19, 0.360951, 245.874261, 77.666149, 0.65
2018-04-22 06:47:50, 0.361171, 245.737816, 77.89709, 0.651
2018-04-22 06:48:21, 0.370489, 246.161226, 80.17781, 0.651
2018-04-22 06:48:52, 0.37432, 245.268075, 81.435124, 0.652
2018-04-22 06:49:22, 0.378925, 245.251947, 82.511022, 0.653
2018-04-22 06:49:53, 0.376958, 245.365735, 82.092599, 0.654
2018-04-22 06:50:24, 0.381167, 246.000915, 83.215912, 0.654
2018-04-22 06:50:55, 0.377037, 245.572422, 81.883816, 0.655
2018-04-22 06:51:25, 0.374294, 245.721077, 81.083042, 0.656
2018-04-22 06:51:56, 0.371237, 245.972097, 80.463947, 0.656
2018-04-22 06:52:27, 0.370703, 245.707224, 80.14431, 0.657
2018-04-22 06:52:58, 0.370516, 245.683653, 80.047238, 0.658
2018-04-22 06:53:29, 0.36802, 245.392252, 79.552648, 0.658
2018-04-22 06:53:59, 0.366347, 245.18762, 78.894579, 0.659
2018-04-22 06:54:30, 0.364394, 245.270257, 78.56116, 0.66
2018-04-22 06:55:01, 0.364176, 245.308955, 78.312941, 0.661
2018-04-22 06:55:32, 0.364476, 245.413495, 78.145506, 0.661
2018-04-22 06:56:03, 0.360979, 245.913482, 77.745152, 0.662
2018-04-22 06:56:33, 0.361226, 245.700996, 77.606007, 0.663
2018-04-22 06:57:04, 0.359493, 246.17197, 77.426042, 0.663
2018-04-22 06:57:35, 0.359024, 245.86311, 77.2501, 0.664
2018-04-22 06:58:06, 0.359383, 245.846775, 77.034393, 0.665
2018-04-22 06:58:36, 0.357476, 245.906494, 76.703347, 0.665
2018-04-22 06:59:07, 0.356309, 245.799525, 76.550288, 0.666
2018-04-22 06:59:38, 0.356726, 245.770338, 76.341043, 0.667
2018-04-22 07:00:09, 0.35539, 245.693673, 76.099749, 0.667
2018-04-22 07:00:40, 0.35486, 245.727198, 75.931918, 0.668
2018-04-22 07:01:10, 0.354693, 245.533784, 75.810843, 0.669
2018-04-22 07:01:41, 0.353966, 245.640578, 75.537038, 0.669
2018-04-22 07:02:12, 0.352956, 245.653552, 75.219709, 0.67
2018-04-22 07:02:43, 0.350392, 245.449739, 74.955927, 0.671
2018-04-22 07:03:14, 0.350703, 245.373967, 74.908447, 0.671
2018-04-22 07:03:44, 0.350364, 245.128224, 74.835115, 0.672
2018-04-22 07:04:15, 0.349826, 244.936443, 74.45982, 0.672
2018-04-22 07:04:46, 0.348379, 244.942305, 74.247542, 0.673
2018-04-22 07:05:17, 0.349741, 244.605476, 74.239827, 0.674
2018-04-22 07:05:47, 0.348521, 244.406811, 73.964835, 0.674
2018-04-22 07:06:18, 0.347923, 244.308271, 73.804851, 0.675
2018-04-22 07:06:49, 0.347638, 246.569341, 74.111497, 0.676
2018-04-22 07:07:20, 0.347581, 246.676766, 73.927641, 0.676
2018-04-22 07:07:51, 0.34621, 246.802511, 73.666102, 0.677
2018-04-22 07:08:21, 0.346496, 246.370405, 73.63425, 0.678
2018-04-22 07:08:52, 0.346353, 246.447267, 73.442415, 0.678
2018-04-22 07:09:23, 0.345322, 246.376388, 73.370535, 0.679
2018-04-22 07:09:54, 0.346067, 246.821012, 73.457385, 0.68
2018-04-22 07:10:25, 0.346725, 246.934618, 73.109128, 0.68
2018-04-22 07:10:55, 0.347296, 246.745654, 73.030521, 0.681
2018-04-22 07:11:26, 0.345379, 246.825445, 72.796613, 0.681
2018-04-22 07:11:57, 0.346468, 246.556873, 73.251636, 0.682
2018-04-22 07:12:28, 0.345207, 246.75596, 73.195846, 0.683
2018-04-22 07:12:58, 0.345694, 246.457083, 72.99524, 0.683
2018-04-22 07:13:29, 0.341658, 246.64654, 72.552285, 0.684
2018-04-22 07:14:00, 0.342787, 246.258438, 72.832289, 0.685
2018-04-22 07:14:31, 0.340729, 246.464345, 72.283492, 0.685
2018-04-22 07:15:02, 0.340729, 246.6733, 72.431671, 0.686
2018-04-22 07:15:32, 0.340263, 246.518724, 72.262983, 0.687
2018-04-22 07:16:03, 0.340176, 246.46631, 72.230999, 0.687
2018-04-22 07:16:34, 0.339476, 246.502109, 72.082622, 0.688
2018-04-22 07:17:05, 0.339592, 246.380861, 71.973483, 0.688
2018-04-22 07:17:35, 0.339476, 246.435609, 72.145073, 0.689
2018-04-22 07:18:06, 0.340816, 246.176126, 71.781911, 0.69
2018-04-22 07:18:37, 0.341397, 246.204927, 71.847989, 0.69
2018-04-22 07:19:08, 0.341687, 245.865799, 71.720319, 0.691
2018-04-22 07:19:39, 0.34218, 245.819459, 72.040615, 0.692
2018-04-22 07:20:09, 0.33895, 247.178466, 71.758237, 0.692
2018-04-22 07:20:40, 0.340321, 247.458671, 71.749862, 0.693
2018-04-22 07:21:11, 0.34003, 247.709294, 71.670991, 0.693
2018-04-22 07:21:42, 0.337632, 247.683415, 71.513844, 0.694
2018-04-22 07:22:12, 0.339563, 247.142517, 71.33256, 0.695
2018-04-22 07:22:43, 0.340263, 246.965041, 71.485949, 0.695
2018-04-22 07:23:14, 0.339622, 246.940827, 71.542464, 0.696
2018-04-22 07:23:45, 0.339242, 246.803975, 71.289959, 0.697
2018-04-22 07:24:16, 0.337778, 247.055784, 71.094827, 0.697
2018-04-22 07:24:46, 0.33933, 247.025065, 71.248282, 0.698
2018-04-22 07:25:17, 0.337514, 246.965081, 71.056315, 0.698
2018-04-22 07:25:48, 0.338599, 246.451406, 71.098388, 0.699
2018-04-22 07:26:19, 0.336397, 247.445644, 71.001712, 0.7
2018-04-22 07:26:49, 0.337103, 248.090033, 71.363554, 0.7
2018-04-22 07:27:20, 0.335128, 248.477728, 70.850697, 0.701
2018-04-22 07:27:51, 0.338277, 248.334537, 71.237928, 0.701
2018-04-22 07:28:22, 0.338335, 248.334174, 71.151804, 0.702
2018-04-22 07:28:53, 0.33675, 248.372423, 70.905234, 0.703
2018-04-22 07:29:23, 0.337456, 248.263799, 71.003822, 0.703
2018-04-22 07:29:54, 0.338716, 248.749428, 71.169147, 0.704
2018-04-22 07:30:25, 0.337309, 248.153906, 70.652993, 0.705
2018-04-22 07:30:56, 0.336485, 247.736173, 70.529543, 0.705
2018-04-22 07:31:26, 0.336632, 248.299358, 70.81845, 0.706
2018-04-22 07:31:57, 0.337896, 247.809162, 70.934843, 0.706
2018-04-22 07:32:28, 0.337954, 248.05641, 70.894287, 0.707
2018-04-22 07:32:59, 0.336191, 247.998757, 70.634001, 0.708
2018-04-22 07:33:30, 0.337866, 248.086186, 70.882681, 0.708
2018-04-22 07:34:00, 0.337132, 247.501207, 70.687614, 0.709
2018-04-22 07:34:31, 0.336632, 247.812933, 70.645211, 0.709
2018-04-22 07:35:02, 0.335039, 247.779737, 70.271235, 0.71
2018-04-22 07:35:33, 0.337162, 247.601481, 70.610458, 0.711
2018-04-22 07:36:03, 0.336927, 247.46001, 70.294118, 0.711
2018-04-22 07:36:34, 0.337984, 247.284691, 70.302625, 0.712
2018-04-22 07:37:05, 0.337749, 247.49909, 70.404445, 0.713
2018-04-22 07:37:36, 0.337544, 247.82141, 70.64719, 0.713
2018-04-22 07:38:07, 0.336515, 247.972692, 70.121539, 0.714
2018-04-22 07:38:37, 0.336132, 248.823452, 70.15161, 0.714
2018-04-22 07:39:08, 0.336456, 249.350316, 70.490306, 0.715
2018-04-22 07:39:39, 0.335364, 249.587202, 70.04412, 0.716
2018-04-22 07:40:10, 0.334743, 250.21243, 70.236746, 0.716
2018-04-22 07:40:40, 0.336573, 250.182997, 70.522289, 0.717
2018-04-22 07:41:11, 0.336397, 250.644708, 70.623845, 0.717
2018-04-22 07:41:42, 0.333111, 249.280385, 70.173636, 0.718
2018-04-22 07:42:13, 0.333111, 248.463478, 70.073201, 0.719
2018-04-22 07:42:44, 0.330303, 246.23697, 69.156165, 0.719
2018-04-22 07:43:14, 0.333022, 246.180889, 70.103536, 0.72
2018-04-22 07:43:45, 0.332188, 245.756207, 69.5126, 0.72
2018-04-22 07:44:16, 0.33421, 245.65702, 69.667901, 0.721
2018-04-22 07:44:47, 0.333052, 245.574626, 69.584876, 0.722
2018-04-22 07:45:18, 0.330063, 246.069247, 69.061534, 0.722
2018-04-22 07:45:48, 0.331381, 246.268722, 69.287529, 0.723
2018-04-22 07:46:19, 0.332247, 245.966105, 69.618772, 0.724
2018-04-22 07:46:50, 0.332277, 245.375531, 69.391129, 0.724
2018-04-22 07:47:21, 0.330843, 244.847724, 69.065886, 0.725
2018-04-22 07:47:51, 0.33168, 245.605483, 69.4547, 0.725
2018-04-22 07:48:22, 0.329883, 245.15609, 69.110004, 0.726
2018-04-22 07:48:53, 0.330513, 244.956918, 69.129326, 0.727
2018-04-22 07:49:24, 0.33162, 246.252875, 69.463471, 0.727
2018-04-22 07:49:55, 0.331351, 247.540328, 69.409198, 0.728
2018-04-22 07:50:25, 0.33177, 247.486221, 69.413616, 0.728
2018-04-22 07:50:56, 0.33168, 247.244489, 69.387502, 0.729
2018-04-22 07:51:27, 0.331949, 247.232713, 69.49308, 0.73
2018-04-22 07:51:58, 0.331321, 246.248951, 69.321952, 0.73
2018-04-22 07:52:28, 0.330962, 246.050447, 69.191116, 0.731
2018-04-22 07:52:59, 0.330003, 246.104698, 68.954175, 0.731
2018-04-22 07:53:30, 0.330843, 246.06588, 69.059226, 0.732
2018-04-22 07:54:01, 0.330932, 245.986334, 69.005216, 0.733
2018-04-22 07:54:32, 0.330153, 246.044027, 69.011547, 0.733
2018-04-22 07:55:02, 0.330303, 246.045871, 69.085472, 0.734
2018-04-22 07:55:33, 0.330273, 246.443885, 69.012405, 0.734
2018-04-22 07:56:04, 0.329883, 245.992701, 68.814437, 0.735
2018-04-22 07:56:35, 0.330093, 246.22577, 68.892977, 0.736
2018-04-22 07:57:06, 0.014937, 246.292401, 0, 0.736
2018-04-22 07:57:36, 0.015264, 246.481808, 0, 0.736
2018-04-22 07:58:07, 0.014938, 246.581705, 0, 0.736
2018-04-22 07:58:38, 0.015359, 247.15125, 0, 0.736
2018-04-22 07:59:09, 0.015464, 246.959549, 0, 0.736
2018-04-22 07:59:39, 0.015895, 246.646416, 0, 0.736
2018-04-22 08:00:10, 0.015056, 246.422075, 0, 0.736
2018-04-22 08:00:41, 0.015657, 246.305501, 0, 0.736
2018-04-22 08:01:12, 0.015643, 246.039147, 0, 0.736
2018-04-22 08:01:42, 0.015343, 246.41179, 0, 0.736
2018-04-22 08:02:13, 0.015418, 246.445791, 0, 0.736
2018-04-22 08:02:44, 0.01544, 246.479812, 0, 0.736
2018-04-22 08:03:15, 0.01494, 245.994749, 0, 0.736
2018-04-22 08:03:45, 0.015295, 246.728807, 0, 0.736
2018-04-22 08:04:16, 0.015336, 246.243006, 0, 0.736
2018-04-22 08:04:47, 0.015339, 246.237028, 0, 0.736
2018-04-22 08:05:18, 0.015206, 246.45202, 0, 0.736
2018-04-22 08:05:48, 0.015637, 246.240012, 0, 0.736
2018-04-22 08:06:19, 0.015248, 246.211042, 0, 0.736
2018-04-22 08:06:50, 0.015636, 246.338519, 0, 0.736
2018-04-22 08:07:21, 0.015073, 246.343689, 0, 0.736
2018-04-22 08:07:51, 0.015474, 246.235525, 0, 0.736
2018-04-22 08:08:22, 0.015129, 246.644004, 0, 0.736
2018-04-22 08:08:53, 0.015349, 246.50431, 0, 0.736
2018-04-22 08:09:24, 0.015758, 246.275848, 0, 0.736
2018-04-22 08:09:54, 0.01543, 246.269481, 0, 0.736
2018-04-22 08:10:25, 0.015072, 246.222223, 0, 0.736
2018-04-22 08:10:56, 0.015414, 246.1144, 0, 0.736
2018-04-22 08:11:27, 0.015001, 246.090458, 0, 0.736
2018-04-22 08:11:58, 0.015416, 246.338705, 0, 0.736
2018-04-22 08:12:28, 0.015182, 245.992054, 0, 0.736
2018-04-22 08:12:59, 0.015602, 245.809638, 0, 0.736
2018-04-22 08:13:30, 0.015664, 245.05333, 0, 0.736
2018-04-22 08:14:01, 0.015763, 245.246858, 0, 0.736
2018-04-22 08:14:32, 0.01529, 245.447544, 0, 0.736
2018-04-22 08:15:02, 0.015784, 245.856861, 0, 0.736
2018-04-22 08:15:33, 0.015559, 245.1801, 0, 0.736
2018-04-22 08:16:04, 0.01584, 245.508307, 0, 0.736
2018-04-22 08:16:35, 0.015558, 245.390239, 0, 0.736
2018-04-22 08:17:05, 0.015883, 245.497508, 0, 0.736
2018-04-22 08:17:36, 0.015365, 245.254926, 0, 0.736
2018-04-22 08:18:07, 0.015068, 245.256508, 0, 0.736
2018-04-22 08:18:38, 0.01536, 245.615543, 0, 0.736
2018-04-22 08:19:08, 0.015499, 245.191263, 0, 0.736
2018-04-22 08:19:39, 0.015355, 245.573929, 0, 0.736
2018-04-22 08:20:10, 0.015454, 245.542472, 0, 0.736
2018-04-22 08:20:41, 0.015461, 245.571121, 0, 0.736
2018-04-22 08:21:11, 0.014981, 245.458375, 0, 0.736
2018-04-22 08:21:42, 0.015296, 245.281711, 0, 0.736
2018-04-22 08:22:13, 0.015135, 245.529916, 0, 0.736
2018-04-22 08:22:44, 0.015321, 245.577675, 0, 0.736
2018-04-22 08:23:14, 0.015628, 244.962341, 0, 0.736
2018-04-22 08:23:45, 0.015595, 245.153298, 0, 0.736
